wavelength,ULTRABLUE,BLUE,GREEN,RED,REDEDGE1,REDEDGE2,REDEDGE3,BROADNIR,NIR,WVP,CIRRUS,SWIR1,SWIR2
0.41,0,0,0,0,0,0,0,0,0,0,0,0,0
0.411,0,0,0,0,0,0,0,0,0,0,0,0,0
0.412,1.78E-03,0,0,0,0,0,0,0,0,0,0,0,0
0.413,4.07E-03,0,0,0,0,0,0,0,0,0,0,0,0
0.414,3.63E-03,0,0,0,0,0,0,0,0,0,0,0,0
0.415,3.52E-03,0,0,0,0,0,0,0,0,0,0,0,0
0.416,5.73E-03,0,0,0,0,0,0,0,0,0,0,0,0
0.417,3.78E-03,0,0,0,0,0,0,0,0,0,0,0,0
0.418,2.64E-03,0,0,0,0,0,0,0,0,0,0,0,0
0.419,1.26E-03,0,0,0,0,0,0,0,0,0,0,0,0
0.42,1.99E-03,0,0,0,0,0,0,0,0,0,0,0,0
0.421,1.37E-03,0,0,0,0,0,0,0,0,0,0,0,0
0.422,1.25E-03,0,0,0,0,0,0,0,0,0,0,0,0
0.423,4.63E-04,0,0,0,0,0,0,0,0,0,0,0,0
0.424,8.14E-04,0,0,0,0,0,0,0,0,0,0,0,0
0.425,1.38E-03,0,0,0,0,0,0,0,0,0,0,0,0
0.426,1.49E-03,0,0,0,0,0,0,0,0,0,0,0,0
0.427,1.82E-03,0,0,0,0,0,0,0,0,0,0,0,0
0.428,1.63E-03,0,0,0,0,0,0,0,0,0,0,0,0
0.429,4.39E-03,0,0,0,0,0,0,0,0,0,0,0,0
0.43,2.90E-02,0,0,0,0,0,0,0,0,0,0,0,0
0.431,1.19E-01,0,0,0,0,0,0,0,0,0,0,0,0
0.432,3.24E-01,0,0,0,0,0,0,0,0,0,0,0,0
0.433,5.73E-01,0,0,0,0,0,0,0,0,0,0,0,0
0.434,7.15E-01,0,0,0,0,0,0,0,0,0,0,0,0
0.435,7.62E-01,0,0,0,0,0,0,0,0,0,0,0,0
0.436,7.89E-01,0,0,0,0,0,0,0,0,0,0,0,0
0.437,8.09E-01,0,0,0,0,0,0,0,0,0,0,0,0
0.438,8.11E-01,0,0,0,0,0,0,0,0,0,0,0,0
0.439,8.24E-01,0.010315429,0,0,0,0,0,0,0,0,0,0,0
0.44,8.54E-01,0.030041933,0,0,0,0,0,0,0,0,0,0,0
0.441,8.71E-01,0.026875891,0,0,0,0,0,0,0,0,0,0,0
0.442,8.87E-01,0.02414315,0,0,0,0,0,0,0,0,0,0,0
0.443,9.26E-01,0.020210064,0,0,0,0,0,0,0,0,0,0,0
0.444,9.82E-01,0.022693489,0,0,0,0,0,0,0,0,0,0,0
0.445,1.00E+00,0.024564087,0,0,0,0,0,0,0,0,0,0,0
0.446,9.75E-01,0.016667005,0,0,0,0,0,0,0,0,0,0,0
0.447,9.36E-01,0.021413132,0,0,0,0,0,0,0,0,0,0,0
0.448,8.90E-01,0.016144221,0,0,0,0,0,0,0,0,0,0,0
0.449,8.50E-01,0.021307208,0,0,0,0,0,0,0,0,0,0,0
0.45,8.26E-01,0.018466093,0,0,0,0,0,0,0,0,0,0,0
0.451,7.84E-01,0.018185017,0,0,0,0,0,0,0,0,0,0,0
0.452,6.14E-01,0.017679055,0,0,0,0,0,0,0,0,0,0,0
0.453,3.30E-01,0.019114826,0,0,0,0,0,0,0,0,0,0,0
0.454,1.24E-01,0.019246427,0,0,0,0,0,0,0,0,0,0,0
0.455,4.37E-02,0.027395745,0,0,0,0,0,0,0,0,0,0,0
0.456,1.47E-02,0.042555308,0,0,0,0,0,0,0,0,0,0,0
0.457,0,0.072298295,0,0,0,0,0,0,0,0,0,0,0
0.458,0,0.153743222,0,0,0,0,0,0,0,0,0,0,0
0.459,0,0.32799225,0,0,0,0,0,0,0,0,0,0,0
0.46,0,0.553367878,0,0,0,0,0,0,0,0,0,0,0
0.461,0,0.710111663,0,0,0,0,0,0,0,0,0,0,0
0.462,0,0.752851788,0,0,0,0,0,0,0,0,0,0,0
0.463,0,0.75232691,0,0,0,0,0,0,0,0,0,0,0
0.464,0,0.756680807,0,0,0,0,0,0,0,0,0,0,0
0.465,0,0.763269482,0,0,0,0,0,0,0,0,0,0,0
0.466,0,0.76239425,0,0,0,0,0,0,0,0,0,0,0
0.467,0,0.785251503,0,0,0,0,0,0,0,0,0,0,0
0.468,0,0.815466688,0,0,0,0,0,0,0,0,0,0,0
0.469,0,0.861791756,0,0,0,0,0,0,0,0,0,0,0
0.47,0,0.892825992,0,0,0,0,0,0,0,0,0,0,0
0.471,0,0.919522103,0,0,0,0,0,0,0,0,0,0,0
0.472,0,0.919006495,0,0,0,0,0,0,0,0,0,0,0
0.473,0,0.913157536,0,0,0,0,0,0,0,0,0,0,0
0.474,0,0.900353663,0,0,0,0,0,0,0,0,0,0,0
0.475,0,0.889896935,0,0,0,0,0,0,0,0,0,0,0
0.476,0,0.882324603,0,0,0,0,0,0,0,0,0,0,0
0.477,0,0.876061177,0,0,0,0,0,0,0,0,0,0,0
0.478,0,0.884299872,0,0,0,0,0,0,0,0,0,0,0
0.479,0,0.906955442,0,0,0,0,0,0,0,0,0,0,0
0.48,0,0.932320853,0,0,0,0,0,0,0,0,0,0,0
0.481,0,0.939472521,0,0,0,0,0,0,0,0,0,0,0
0.482,0,0.943835429,0,0,0,0,0,0,0,0,0,0,0
0.483,0,0.922040861,0,0,0,0,0,0,0,0,0,0,0
0.484,0,0.886023105,0,0,0,0,0,0,0,0,0,0,0
0.485,0,0.847436088,0,0,0,0,0,0,0,0,0,0,0
0.486,0,0.812516871,0,0,0,0,0,0,0,0,0,0,0
0.487,0,0.782397097,0,0,0,0,0,0,0,0,0,0,0
0.488,0,0.7731087,0,0,0,0,0,0,0,0,0,0,0
0.489,0,0.772090538,0,0,0,0,0,0,0,0,0,0,0
0.49,0,0.787426523,0,0,0,0,0,0,0,0,0,0,0
0.491,0,0.812171771,0,0,0,0,0,0,0,0,0,0,0
0.492,0,0.846050519,0,0,0,0,0,0,0,0,0,0,0
0.493,0,0.887679959,0,0,0,0,0,0,0,0,0,0,0
0.494,0,0.927939973,0,0,0,0,0,0,0,0,0,0,0
0.495,0,0.950692347,0,0,0,0,0,0,0,0,0,0,0
0.496,0,0.965733107,0,0,0,0,0,0,0,0,0,0,0
0.497,0,0.969382533,0,0,0,0,0,0,0,0,0,0,0
0.498,0,0.965702943,0,0,0,0,0,0,0,0,0,0,0
0.499,0,0.95832003,0,0,0,0,0,0,0,0,0,0,0
0.5,0,0.954050638,0,0,0,0,0,0,0,0,0,0,0
0.501,0,0.951782684,0,0,0,0,0,0,0,0,0,0,0
0.502,0,0.956997215,0,0,0,0,0,0,0,0,0,0,0
0.503,0,0.965565145,0,0,0,0,0,0,0,0,0,0,0
0.504,0,0.977051397,0,0,0,0,0,0,0,0,0,0,0
0.505,0,0.977095739,0,0,0,0,0,0,0,0,0,0,0
0.506,0,0.974366055,0,0,0,0,0,0,0,0,0,0,0
0.507,0,0.959031834,0,0,0,0,0,0,0,0,0,0,0
0.508,0,0.935063176,0,0,0,0,0,0,0,0,0,0,0
0.509,0,0.90190134,0,0,0,0,0,0,0,0,0,0,0
0.51,0,0.871657924,0,0,0,0,0,0,0,0,0,0,0
0.511,0,0.844024435,0,0,0,0,0,0,0,0,0,0,0
0.512,0,0.822808519,0,0,0,0,0,0,0,0,0,0,0
0.513,0,0.815360426,0,0,0,0,0,0,0,0,0,0,0
0.514,0,0.820576391,0,0,0,0,0,0,0,0,0,0,0
0.515,0,0.839514898,0,0,0,0,0,0,0,0,0,0,0
0.516,0,0.86992171,0,0,0,0,0,0,0,0,0,0,0
0.517,0,0.915262055,0,0,0,0,0,0,0,0,0,0,0
0.518,0,0.960670278,0,0,0,0,0,0,0,0,0,0,0
0.519,0,0.991636995,0,0,0,0,0,0,0,0,0,0,0
0.52,0,1,0,0,0,0,0,0,0,0,0,0,0
0.521,0,0.98356097,0,0,0,0,0,0,0,0,0,0,0
0.522,0,0.91130763,0,0,0,0,0,0,0,0,0,0,0
0.523,0,0.740182556,0,0,0,0,0,0,0,0,0,0,0
0.524,0,0.503958576,0,0,0,0,0,0,0,0,0,0,0
0.525,0,0.305015502,0,0,0,0,0,0,0,0,0,0,0
0.526,0,0.180046045,0,0,0,0,0,0,0,0,0,0,0
0.527,0,0.107383424,0,0,0,0,0,0,0,0,0,0,0
0.528,0,0.06593592,0,0,0,0,0,0,0,0,0,0,0
0.529,0,0.042077455,0,0,0,0,0,0,0,0,0,0,0
0.53,0,0.026621288,0,0,0,0,0,0,0,0,0,0,0
0.531,0,0.0143396,0,0,0,0,0,0,0,0,0,0,0
0.532,0,0.002657787,0,0,0,0,0,0,0,0,0,0,0
0.533,0,0.000818224,0,0,0,0,0,0,0,0,0,0,0
0.534,0,0,0,0,0,0,0,0,0,0,0,0,0
0.535,0,0,0,0,0,0,0,0,0,0,0,0,0
0.536,0,0,0,0,0,0,0,0,0,0,0,0,0
0.537,0,0,0,0,0,0,0,0,0,0,0,0,0
0.538,0,0,0.014481812,0,0,0,0,0,0,0,0,0,0
0.539,0,0,0.034222507,0,0,0,0,0,0,0,0,0,0
0.54,0,0,0.073463348,0,0,0,0,0,0,0,0,0,0
0.541,0,0,0.154448431,0,0,0,0,0,0,0,0,0,0
0.542,0,0,0.316614247,0,0,0,0,0,0,0,0,0,0
0.543,0,0,0.553222787,0,0,0,0,0,0,0,0,0,0
0.544,0,0,0.748594059,0,0,0,0,0,0,0,0,0,0
0.545,0,0,0.848903056,0,0,0,0,0,0,0,0,0,0
0.546,0,0,0.897722157,0,0,0,0,0,0,0,0,0,0
0.547,0,0,0.921536798,0,0,0,0,0,0,0,0,0,0
0.548,0,0,0.925728454,0,0,0,0,0,0,0,0,0,0
0.549,0,0,0.911226879,0,0,0,0,0,0,0,0,0,0
0.55,0,0,0.888189237,0,0,0,0,0,0,0,0,0,0
0.551,0,0,0.865237556,0,0,0,0,0,0,0,0,0,0
0.552,0,0,0.84718187,0,0,0,0,0,0,0,0,0,0
0.553,0,0,0.838757201,0,0,0,0,0,0,0,0,0,0
0.554,0,0,0.844590812,0,0,0,0,0,0,0,0,0,0
0.555,0,0,0.862196533,0,0,0,0,0,0,0,0,0,0
0.556,0,0,0.888387136,0,0,0,0,0,0,0,0,0,0
0.557,0,0,0.924432355,0,0,0,0,0,0,0,0,0,0
0.558,0,0,0.96017974,0,0,0,0,0,0,0,0,0,0
0.559,0,0,0.986855165,0,0,0,0,0,0,0,0,0,0
0.56,0,0,1,0,0,0,0,0,0,0,0,0,0
0.561,0,0,0.998600802,0,0,0,0,0,0,0,0,0,0
0.562,0,0,0.980764717,0,0,0,0,0,0,0,0,0,0
0.563,0,0,0.945220892,0,0,0,0,0,0,0,0,0,0
0.564,0,0,0.898177804,0,0,0,0,0,0,0,0,0,0
0.565,0,0,0.855803233,0,0,0,0,0,0,0,0,0,0
0.566,0,0,0.818417342,0,0,0,0,0,0,0,0,0,0
0.567,0,0,0.788620476,0,0,0,0,0,0,0,0,0,0
0.568,0,0,0.764606533,0,0,0,0,0,0,0,0,0,0
0.569,0,0,0.749637446,0,0,0,0,0,0,0,0,0,0
0.57,0,0,0.75055111,0,0,0,0,0,0,0,0,0,0
0.571,0,0,0.761378883,0,0,0,0,0,0,0,0,0,0
0.572,0,0,0.782444788,0,0,0,0,0,0,0,0,0,0
0.573,0,0,0.798900864,0,0,0,0,0,0,0,0,0,0
0.574,0,0,0.810169565,0,0,0,0,0,0,0,0,0,0
0.575,0,0,0.814088864,0,0,0,0,0,0,0,0,0,0
0.576,0,0,0.773585961,0,0,0,0,0,0,0,0,0,0
0.577,0,0,0.628810649,0,0,0,0,0,0,0,0,0,0
0.578,0,0,0.403975549,0,0,0,0,0,0,0,0,0,0
0.579,0,0,0.215420982,0,0,0,0,0,0,0,0,0,0
0.58,0,0,0.107152815,0,0,0,0,0,0,0,0,0,0
0.581,0,0,0.047928768,0,0,0,0,0,0,0,0,0,0
0.582,0,0,0.01848693,0,0,0,0,0,0,0,0,0,0
0.583,0,0,0.001085875,0,0,0,0,0,0,0,0,0,0
0.584,0,0,0,0,0,0,0,0,0,0,0,0,0
0.585,0,0,0,0,0,0,0,0,0,0,0,0,0
0.586,0,0,0,0,0,0,0,0,0,0,0,0,0
0.587,0,0,0,0,0,0,0,0,0,0,0,0,0
0.588,0,0,0,0,0,0,0,0,0,0,0,0,0
0.589,0,0,0,0,0,0,0,0,0,0,0,0,0
0.59,0,0,0,0,0,0,0,0,0,0,0,0,0
0.591,0,0,0,0,0,0,0,0,0,0,0,0,0
0.592,0,0,0,0,0,0,0,0,0,0,0,0,0
0.593,0,0,0,0,0,0,0,0,0,0,0,0,0
0.594,0,0,0,0,0,0,0,0,0,0,0,0,0
0.595,0,0,0,0,0,0,0,0,0,0,0,0,0
0.596,0,0,0,0,0,0,0,0,0,0,0,0,0
0.597,0,0,0,0,0,0,0,0,0,0,0,0,0
0.598,0,0,0,0,0,0,0,0,0,0,0,0,0
0.599,0,0,0,0,0,0,0,0,0,0,0,0,0
0.6,0,0,0,0,0,0,0,0,0,0,0,0,0
0.601,0,0,0,0,0,0,0,0,0,0,0,0,0
0.602,0,0,0,0,0,0,0,0,0,0,0,0,0
0.603,0,0,0,0,0,0,0,0,0,0,0,0,0
0.604,0,0,0,0,0,0,0,0,0,0,0,0,0
0.605,0,0,0,0,0,0,0,0,0,0,0,0,0
0.606,0,0,0,0,0,0,0,0,0,0,0,0,0
0.607,0,0,0,0,0,0,0,0,0,0,0,0,0
0.608,0,0,0,0,0,0,0,0,0,0,0,0,0
0.609,0,0,0,0,0,0,0,0,0,0,0,0,0
0.61,0,0,0,0,0,0,0,0,0,0,0,0,0
0.611,0,0,0,0,0,0,0,0,0,0,0,0,0
0.612,0,0,0,0,0,0,0,0,0,0,0,0,0
0.613,0,0,0,0,0,0,0,0,0,0,0,0,0
0.614,0,0,0,0,0,0,0,0,0,0,0,0,0
0.615,0,0,0,0,0,0,0,0,0,0,0,0,0
0.616,0,0,0,0,0,0,0,0,0,0,0,0,0
0.617,0,0,0,0,0,0,0,0,0,0,0,0,0
0.618,0,0,0,0,0,0,0,0,0,0,0,0,0
0.619,0,0,0,0,0,0,0,0,0,0,0,0,0
0.62,0,0,0,0,0,0,0,0,0,0,0,0,0
0.621,0,0,0,0,0,0,0,0,0,0,0,0,0
0.622,0,0,0,0,0,0,0,0,0,0,0,0,0
0.623,0,0,0,0,0,0,0,0,0,0,0,0,0
0.624,0,0,0,0,0,0,0,0,0,0,0,0,0
0.625,0,0,0,0,0,0,0,0,0,0,0,0,0
0.626,0,0,0,0,0,0,0,0,0,0,0,0,0
0.627,0,0,0,0,0,0,0,0,0,0,0,0,0
0.628,0,0,0,0,0,0,0,0,0,0,0,0,0
0.629,0,0,0,0,0,0,0,0,0,0,0,0,0
0.63,0,0,0,0,0,0,0,0,0,0,0,0,0
0.631,0,0,0,0,0,0,0,0,0,0,0,0,0
0.632,0,0,0,0,0,0,0,0,0,0,0,0,0
0.633,0,0,0,0,0,0,0,0,0,0,0,0,0
0.634,0,0,0,0,0,0,0,0,0,0,0,0,0
0.635,0,0,0,0,0,0,0,0,0,0,0,0,0
0.636,0,0,0,0,0,0,0,0,0,0,0,0,0
0.637,0,0,0,0,0,0,0,0,0,0,0,0,0
0.638,0,0,0,0,0,0,0,0,0,0,0,0,0
0.639,0,0,0,0,0,0,0,0,0,0,0,0,0
0.64,0,0,0,0,0,0,0,0,0,0,0,0,0
0.641,0,0,0,0,0,0,0,0,0,0,0,0,0
0.642,0,0,0,0,0,0,0,0,0,0,0,0,0
0.643,0,0,0,0,0,0,0,0,0,0,0,0,0
0.644,0,0,0,0,0,0,0,0,0,0,0,0,0
0.645,0,0,0,0,0,0,0,0,0,0,0,0,0
0.646,0,0,0,0.001415212,0,0,0,0,0,0,0,0,0
0.647,0,0,0,0.025902381,0,0,0,0,0,0,0,0,0
0.648,0,0,0,0.116511775,0,0,0,0,0,0,0,0,0
0.649,0,0,0,0.390886162,0,0,0,0,0,0,0,0,0
0.65,0,0,0,0.749593421,0,0,0,0,0,0,0,0,0
0.651,0,0,0,0.944858051,0,0,0,0,0,0,0,0,0
0.652,0,0,0,0.980111731,0,0,0,0,0,0,0,0,0
0.653,0,0,0,0.994063086,0,0,0,0,0,0,0,0,0
0.654,0,0,0,1,0,0,0,0,0,0,0,0,0
0.655,0,0,0,0.995454747,0,0,0,0,0,0,0,0,0
0.656,0,0,0,0.990527717,0,0,0,0,0,0,0,0,0
0.657,0,0,0,0.977334762,0,0,0,0,0,0,0,0,0
0.658,0,0,0,0.940559882,0,0,0,0,0,0,0,0,0
0.659,0,0,0,0.878949559,0,0,0,0,0,0,0,0,0
0.66,0,0,0,0.81629384,0,0,0,0,0,0,0,0,0
0.661,0,0,0,0.773459516,0,0,0,0,0,0,0,0,0
0.662,0,0,0,0.754487656,0,0,0,0,0,0,0,0,0
0.663,0,0,0,0.75991531,0,0,0,0,0,0,0,0,0
0.664,0,0,0,0.782634297,0,0,0,0,0,0,0,0,0
0.665,0,0,0,0.8101689,0,0,0,0,0,0,0,0,0
0.666,0,0,0,0.836129749,0,0,0,0,0,0,0,0,0
0.667,0,0,0,0.861254237,0,0,0,0,0,0,0,0,0
0.668,0,0,0,0.886091059,0,0,0,0,0,0,0,0,0
0.669,0,0,0,0.911387666,0,0,0,0,0,0,0,0,0
0.67,0,0,0,0.934051464,0,0,0,0,0,0,0,0,0
0.671,0,0,0,0.950420633,0,0,0,0,0,0,0,0,0
0.672,0,0,0,0.959257302,0,0,0,0,0,0,0,0,0
0.673,0,0,0,0.960395551,0,0,0,0,0,0,0,0,0
0.674,0,0,0,0.959133945,0,0,0,0,0,0,0,0,0
0.675,0,0,0,0.958090128,0,0,0,0,0,0,0,0,0
0.676,0,0,0,0.955274589,0,0,0,0,0,0,0,0,0
0.677,0,0,0,0.943764654,0,0,0,0,0,0,0,0,0
0.678,0,0,0,0.894907986,0,0,0,0,0,0,0,0,0
0.679,0,0,0,0.744263079,0,0,0,0,0,0,0,0,0
0.68,0,0,0,0.476777001,0,0,0,0,0,0,0,0,0
0.681,0,0,0,0.229603988,0,0,0,0,0,0,0,0,0
0.682,0,0,0,0.080091177,0,0,0,0,0,0,0,0,0
0.683,0,0,0,0.026170762,0,0,0,0,0,0,0,0,0
0.684,0,0,0,0.004152419,0,0,0,0,0,0,0,0,0
0.685,0,0,0,0,0,0,0,0,0,0,0,0,0
0.686,0,0,0,0,0,0,0,0,0,0,0,0,0
0.687,0,0,0,0,0,0,0,0,0,0,0,0,0
0.688,0,0,0,0,0,0,0,0,0,0,0,0,0
0.689,0,0,0,0,0,0,0,0,0,0,0,0,0
0.69,0,0,0,0,0,0,0,0,0,0,0,0,0
0.691,0,0,0,0,0,0,0,0,0,0,0,0,0
0.692,0,0,0,0,0,0,0,0,0,0,0,0,0
0.693,0,0,0,0,0,0,0,0,0,0,0,0,0
0.694,0,0,0,0,0,0,0,0,0,0,0,0,0
0.695,0,0,0,0,0.028357856,0,0,0,0,0,0,0,0
0.696,0,0,0,0,0.123693367,0,0,0,0,0,0,0,0
0.697,0,0,0,0,0.393787739,0,0,0,0,0,0,0,0
0.698,0,0,0,0,0.761130707,0,0,0,0,0,0,0,0
0.699,0,0,0,0,0.971085018,0,0,0,0,0,0,0,0
0.7,0,0,0,0,0.998895232,0,0,0,0,0,0,0,0
0.701,0,0,0,0,1,0,0,0,0,0,0,0,0
0.702,0,0,0,0,0.994122578,0,0,0,0,0,0,0,0
0.703,0,0,0,0,0.983217889,0,0,0,0,0,0,0,0
0.704,0,0,0,0,0.967040926,0,0,0,0,0,0,0,0
0.705,0,0,0,0,0.948473886,0,0,0,0,0,0,0,0
0.706,0,0,0,0,0.92714833,0,0,0,0,0,0,0,0
0.707,0,0,0,0,0.903724584,0,0,0,0,0,0,0,0
0.708,0,0,0,0,0.886147127,0,0,0,0,0,0,0,0
0.709,0,0,0,0,0.867237453,0,0,0,0,0,0,0,0
0.71,0,0,0,0,0.790753191,0,0,0,0,0,0,0,0
0.711,0,0,0,0,0.588403315,0,0,0,0,0,0,0,0
0.712,0,0,0,0,0.263348326,0,0,0,0,0,0,0,0
0.713,0,0,0,0,0.056754223,0,0,0,0,0,0,0,0
0.714,0,0,0,0,0.006188334,0,0,0,0,0,0,0,0
0.715,0,0,0,0,0,0,0,0,0,0,0,0,0
0.716,0,0,0,0,0,0,0,0,0,0,0,0,0
0.717,0,0,0,0,0,0,0,0,0,0,0,0,0
0.718,0,0,0,0,0,0,0,0,0,0,0,0,0
0.719,0,0,0,0,0,0,0,0,0,0,0,0,0
0.72,0,0,0,0,0,0,0,0,0,0,0,0,0
0.721,0,0,0,0,0,0,0,0,0,0,0,0,0
0.722,0,0,0,0,0,0,0,0,0,0,0,0,0
0.723,0,0,0,0,0,0,0,0,0,0,0,0,0
0.724,0,0,0,0,0,0,0,0,0,0,0,0,0
0.725,0,0,0,0,0,0,0,0,0,0,0,0,0
0.726,0,0,0,0,0,0,0,0,0,0,0,0,0
0.727,0,0,0,0,0,0,0,0,0,0,0,0,0
0.728,0,0,0,0,0,0,0,0,0,0,0,0,0
0.729,0,0,0,0,0,0,0,0,0,0,0,0,0
0.73,0,0,0,0,0,0,0,0,0,0,0,0,0
0.731,0,0,0,0,0,0.001710882,0,0,0,0,0,0,0
0.732,0,0,0,0,0,0.054671525,0,0,0,0,0,0,0
0.733,0,0,0,0,0,0.258066763,0,0,0,0,0,0,0
0.734,0,0,0,0,0,0.647220984,0,0,0,0,0,0,0
0.735,0,0,0,0,0,0.892189986,0,0,0,0,0,0,0
0.736,0,0,0,0,0,0.902328766,0,0,0,0,0,0,0
0.737,0,0,0,0,0,0.915087676,0,0,0,0,0,0,0
0.738,0,0,0,0,0,0.941158459,0,0,0,0,0,0,0
0.739,0,0,0,0,0,0.962999932,0,0,0,0,0,0,0
0.74,0,0,0,0,0,0.975104812,0,0,0,0,0,0,0
0.741,0,0,0,0,0,0.977021704,0,0,0,0,0,0,0
0.742,0,0,0,0,0,0.987362514,0,0,0,0,0,0,0
0.743,0,0,0,0,0,1,0,0,0,0,0,0,0
0.744,0,0,0,0,0,0.988802771,0,0,0,0,0,0,0
0.745,0,0,0,0,0,0.971799161,0,0,0,0,0,0,0
0.746,0,0,0,0,0,0.901267389,0,0,0,0,0,0,0
0.747,0,0,0,0,0,0.606723913,0,0,0,0,0,0,0
0.748,0,0,0,0,0,0.205202268,0,0,0,0,0,0,0
0.749,0,0,0,0,0,0.026756898,0,0,0,0,0,0,0
0.75,0,0,0,0,0,0,0,0,0,0,0,0,0
0.751,0,0,0,0,0,0,0,0,0,0,0,0,0
0.752,0,0,0,0,0,0,0,0,0,0,0,0,0
0.753,0,0,0,0,0,0,0,0,0,0,0,0,0
0.754,0,0,0,0,0,0,0,0,0,0,0,0,0
0.755,0,0,0,0,0,0,0,0,0,0,0,0,0
0.756,0,0,0,0,0,0,0,0,0,0,0,0,0
0.757,0,0,0,0,0,0,0,0,0,0,0,0,0
0.758,0,0,0,0,0,0,0,0,0,0,0,0,0
0.759,0,0,0,0,0,0,0,0,0,0,0,0,0
0.76,0,0,0,0,0,0,0,0.000672587,0,0,0,0,0
0.761,0,0,0,0,0,0,0,0.003888561,0,0,0,0,0
0.762,0,0,0,0,0,0,0,0,0,0,0,0,0
0.763,0,0,0,0,0,0,0,0,0,0,0,0,0
0.764,0,0,0,0,0,0,0,0,0,0,0,0,0
0.765,0,0,0,0,0,0,0,0,0,0,0,0,0
0.766,0,0,0,0,0,0,0,0,0,0,0,0,0
0.767,0,0,0,0,0,0,0,0,0,0,0,0,0
0.768,0,0,0,0,0,0,0,0,0,0,0,0,0
0.769,0,0,0,0,0,0,0.000458987,0,0,0,0,0,0
0.77,0,0,0,0,0,0,0.011720097,0,0,0,0,0,0
0.771,0,0,0,0,0,0,0.052197152,0,0,0,0,0,0
0.772,0,0,0,0,0,0,0.165617326,0,0,0,0,0,0
0.773,0,0,0,0,0,0,0.369033555,0.000289559,0,0,0,0,0
0.774,0,0,0,0,0,0,0.636854532,0.00702964,0,0,0,0,0
0.775,0,0,0,0,0,0,0.861196383,0.017523915,0,0,0,0,0
0.776,0,0,0,0,0,0,0.970028971,0.032311111,0,0,0,0,0
0.777,0,0,0,0,0,0,0.991196015,0.05328661,0,0,0,0,0
0.778,0,0,0,0,0,0,0.998979212,0.082998852,0,0,0,0,0
0.779,0,0,0,0,0,0,1,0.127485024,0,0,0,0,0
0.78,0,0,0,0,0,0,0.97725155,0.195910652,0,0,0,0,0
0.781,0,0,0,0,0,0,0.925723851,0.302463232,0,0,0,0,0
0.782,0,0,0,0,0,0,0.86605804,0.435539537,0,0,0,0,0
0.783,0,0,0,0,0,0,0.819696105,0.571416366,0,0,0,0,0
0.784,0,0,0,0,0,0,0.794076736,0.697667008,0,0,0,0,0
0.785,0,0,0,0,0,0,0.791110289,0.803038519,0,0,0,0,0
0.786,0,0,0,0,0,0,0.804315523,0.891157437,0,0,0,0,0
0.787,0,0,0,0,0,0,0.819027212,0.952845837,0,0,0,0,0
0.788,0,0,0,0,0,0,0.825712924,0.988941605,0,0,0,0,0
0.789,0,0,0,0,0,0,0.820118286,1,0,0,0,0,0
0.79,0,0,0,0,0,0,0.792221951,0.988406528,0,0,0,0,0
0.791,0,0,0,0,0,0,0.720545593,0.963892161,0,0,0,0,0
0.792,0,0,0,0,0,0,0.587677944,0.942079674,0,0,0,0,0
0.793,0,0,0,0,0,0,0.414303554,0.936946427,0,0,0,0,0
0.794,0,0,0,0,0,0,0.230888169,0.942273429,0,0,0,0,0
0.795,0,0,0,0,0,0,0.098502825,0.953957178,0,0,0,0,0
0.796,0,0,0,0,0,0,0.027365511,0.968288956,0,0,0,0,0
0.797,0,0,0,0,0,0,0.00516235,0.979665494,0,0,0,0,0
0.798,0,0,0,0,0,0,0,0.985444404,0,0,0,0,0
0.799,0,0,0,0,0,0,0,0.985926806,0,0,0,0,0
0.8,0,0,0,0,0,0,0,0.983911811,0,0,0,0,0
0.801,0,0,0,0,0,0,0,0.97793903,0,0,0,0,0
0.802,0,0,0,0,0,0,0,0.977227714,0,0,0,0,0
0.803,0,0,0,0,0,0,0,0.978106086,0,0,0,0,0
0.804,0,0,0,0,0,0,0,0.981444864,0,0,0,0,0
0.805,0,0,0,0,0,0,0,0.987645575,0,0,0,0,0
0.806,0,0,0,0,0,0,0,0.988577078,0,0,0,0,0
0.807,0,0,0,0,0,0,0,0.986242198,0,0,0,0,0
0.808,0,0,0,0,0,0,0,0.980709208,0,0,0,0,0
0.809,0,0,0,0,0,0,0,0.970786244,0,0,0,0,0
0.81,0,0,0,0,0,0,0,0.957210894,0,0,0,0,0
0.811,0,0,0,0,0,0,0,0.938658206,0,0,0,0,0
0.812,0,0,0,0,0,0,0,0.91672388,0,0,0,0,0
0.813,0,0,0,0,0,0,0,0.896207585,0,0,0,0,0
0.814,0,0,0,0,0,0,0,0.872887998,0,0,0,0,0
0.815,0,0,0,0,0,0,0,0.851603307,0,0,0,0,0
0.816,0,0,0,0,0,0,0,0.824639396,0,0,0,0,0
0.817,0,0,0,0,0,0,0,0.800781174,0,0,0,0,0
0.818,0,0,0,0,0,0,0,0.782338598,0,0,0,0,0
0.819,0,0,0,0,0,0,0,0.763602744,0,0,0,0,0
0.82,0,0,0,0,0,0,0,0.749627707,0,0,0,0,0
0.821,0,0,0,0,0,0,0,0.738722099,0,0,0,0,0
0.822,0,0,0,0,0,0,0,0.730794069,0,0,0,0,0
0.823,0,0,0,0,0,0,0,0.722712368,0,0,0,0,0
0.824,0,0,0,0,0,0,0,0.725077084,0,0,0,0,0
0.825,0,0,0,0,0,0,0,0.725638556,0,0,0,0,0
0.826,0,0,0,0,0,0,0,0.723042174,0,0,0,0,0
0.827,0,0,0,0,0,0,0,0.722292106,0,0,0,0,0
0.828,0,0,0,0,0,0,0,0.716163645,0,0,0,0,0
0.829,0,0,0,0,0,0,0,0.711594459,0,0,0,0,0
0.83,0,0,0,0,0,0,0,0.708269542,0,0,0,0,0
0.831,0,0,0,0,0,0,0,0.701572051,0,0,0,0,0
0.832,0,0,0,0,0,0,0,0.699245321,0,0,0,0,0
0.833,0,0,0,0,0,0,0,0.700937618,0,0,0,0,0
0.834,0,0,0,0,0,0,0,0.706927327,0,0,0,0,0
0.835,0,0,0,0,0,0,0,0.718240007,0,0,0,0,0
0.836,0,0,0,0,0,0,0,0.731246343,0,0,0,0,0
0.837,0,0,0,0,0,0,0,0.748406102,0.000300966,0,0,0,0
0.838,0,0,0,0,0,0,0,0.76818541,0,0,0,0,0
0.839,0,0,0,0,0,0,0,0.783948066,0,0,0,0,0
0.84,0,0,0,0,0,0,0,0.7968381,0,0,0,0,0
0.841,0,0,0,0,0,0,0,0.802602063,0,0,0,0,0
0.842,0,0,0,0,0,0,0,0.804519396,0,0,0,0,0
0.843,0,0,0,0,0,0,0,0.802409182,0,0,0,0,0
0.844,0,0,0,0,0,0,0,0.796990717,0,0,0,0,0
0.845,0,0,0,0,0,0,0,0.789203043,0,0,0,0,0
0.846,0,0,0,0,0,0,0,0.776916211,0,0,0,0,0
0.847,0,0,0,0,0,0,0,0.765184064,0.001572174,0,0,0,0
0.848,0,0,0,0,0,0,0,0.751197174,0.002498858,0,0,0,0
0.849,0,0,0,0,0,0,0,0.737003566,0.013320367,0,0,0,0
0.85,0,0,0,0,0,0,0,0.722623995,0.026148658,0,0,0,0
0.851,0,0,0,0,0,0,0,0.704125782,0.052604793,0,0,0,0
0.852,0,0,0,0,0,0,0,0.684108046,0.107797093,0,0,0,0
0.853,0,0,0,0,0,0,0,0.664745277,0.221607547,0,0,0,0
0.854,0,0,0,0,0,0,0,0.647368908,0.39721628,0,0,0,0
0.855,0,0,0,0,0,0,0,0.630051247,0.609868852,0,0,0,0
0.856,0,0,0,0,0,0,0,0.615642224,0.816588834,0,0,0,0
0.857,0,0,0,0,0,0,0,0.602495567,0.932244502,0,0,0,0
0.858,0,0,0,0,0,0,0,0.589889921,0.972100329,0,0,0,0
0.859,0,0,0,0,0,0,0,0.579933995,0.975454822,0,0,0,0
0.86,0,0,0,0,0,0,0,0.571365058,0.975380485,0,0,0,0
0.861,0,0,0,0,0,0,0,0.560942415,0.97328205,0,0,0,0
0.862,0,0,0,0,0,0,0,0.552351052,0.976078281,0,0,0,0
0.863,0,0,0,0,0,0,0,0.54568236,0.980349546,0,0,0,0
0.864,0,0,0,0,0,0,0,0.539580517,0.986909276,0,0,0,0
0.865,0,0,0,0,0,0,0,0.535102151,0.990874648,0,0,0,0
0.866,0,0,0,0,0,0,0,0.530936751,0.997418177,0,0,0,0
0.867,0,0,0,0,0,0,0,0.530165085,0.999846733,0,0,0,0
0.868,0,0,0,0,0,0,0,0.52984662,0.999391415,0,0,0,0
0.869,0,0,0,0,0,0,0,0.530366818,0.995879284,0,0,0,0
0.87,0,0,0,0,0,0,0,0.532114628,0.995412276,0,0,0,0
0.871,0,0,0,0,0,0,0,0.53271918,1,0,0,0,0
0.872,0,0,0,0,0,0,0,0.532468057,0.996407621,0,0,0,0
0.873,0,0,0,0,0,0,0,0.53331158,0.923594329,0,0,0,0
0.874,0,0,0,0,0,0,0,0.531927797,0.741376842,0,0,0,0
0.875,0,0,0,0,0,0,0,0.530510552,0.489659709,0,0,0,0
0.876,0,0,0,0,0,0,0,0.52951499,0.25020643,0,0,0,0
0.877,0,0,0,0,0,0,0,0.52996848,0.112212459,0,0,0,0
0.878,0,0,0,0,0,0,0,0.532533725,0.047559844,0,0,0,0
0.879,0,0,0,0,0,0,0,0.537050849,0.022978146,0,0,0,0
0.88,0,0,0,0,0,0,0,0.542353442,0.010614375,0,0,0,0
0.881,0,0,0,0,0,0,0,0.549124971,0.001081494,0,0,0,0
0.882,0,0,0,0,0,0,0,0.555230551,0,0,0,0,0
0.883,0,0,0,0,0,0,0,0.560111348,0,0,0,0,0
0.884,0,0,0,0,0,0,0,0.557679988,0,0,0,0,0
0.885,0,0,0,0,0,0,0,0.548219844,0,0,0,0,0
0.886,0,0,0,0,0,0,0,0.531446128,0,0,0,0,0
0.887,0,0,0,0,0,0,0,0.507635285,0,0,0,0,0
0.888,0,0,0,0,0,0,0,0.478112241,0,0,0,0,0
0.889,0,0,0,0,0,0,0,0.450927929,0,0,0,0,0
0.89,0,0,0,0,0,0,0,0.427984659,0,0,0,0,0
0.891,0,0,0,0,0,0,0,0.41051405,0,0,0,0,0
0.892,0,0,0,0,0,0,0,0.400391391,0,0,0,0,0
0.893,0,0,0,0,0,0,0,0.400873018,0,0,0,0,0
0.894,0,0,0,0,0,0,0,0.40829375,0,0,0,0,0
0.895,0,0,0,0,0,0,0,0.420865558,0,0,0,0,0
0.896,0,0,0,0,0,0,0,0.430070218,0,0,0,0,0
0.897,0,0,0,0,0,0,0,0.424566916,0,0,0,0,0
0.898,0,0,0,0,0,0,0,0.391368172,0,0,0,0,0
0.899,0,0,0,0,0,0,0,0.330090082,0,0,0,0,0
0.9,0,0,0,0,0,0,0,0.257205092,0,0,0,0,0
0.901,0,0,0,0,0,0,0,0.181890305,0,0,0,0,0
0.902,0,0,0,0,0,0,0,0.116506681,0,0,0,0,0
0.903,0,0,0,0,0,0,0,0.070315795,0,0,0,0,0
0.904,0,0,0,0,0,0,0,0.042753811,0,0,0,0,0
0.905,0,0,0,0,0,0,0,0.025931542,0,0,0,0,0
0.906,0,0,0,0,0,0,0,0.015743939,0,0,0,0,0
0.907,0,0,0,0,0,0,0,0.003943258,0,0,0,0,0
0.908,0,0,0,0,0,0,0,0,0,0,0,0,0
0.909,0,0,0,0,0,0,0,0,0,0,0,0,0
0.91,0,0,0,0,0,0,0,0,0,0,0,0,0
0.911,0,0,0,0,0,0,0,0,0,0,0,0,0
0.912,0,0,0,0,0,0,0,0,0,0,0,0,0
0.913,0,0,0,0,0,0,0,0,0,0,0,0,0
0.914,0,0,0,0,0,0,0,0,0,0,0,0,0
0.915,0,0,0,0,0,0,0,0,0,0,0,0,0
0.916,0,0,0,0,0,0,0,0,0,0,0,0,0
0.917,0,0,0,0,0,0,0,0,0,0,0,0,0
0.918,0,0,0,0,0,0,0,0,0,0,0,0,0
0.919,0,0,0,0,0,0,0,0,0,0,0,0,0
0.92,0,0,0,0,0,0,0,0,0,0,0,0,0
0.921,0,0,0,0,0,0,0,0,0,0,0,0,0
0.922,0,0,0,0,0,0,0,0,0,0,0,0,0
0.923,0,0,0,0,0,0,0,0,0,0,0,0,0
0.924,0,0,0,0,0,0,0,0,0,0,0,0,0
0.925,0,0,0,0,0,0,0,0,0,0,0,0,0
0.926,0,0,0,0,0,0,0,0,0,0,0,0,0
0.927,0,0,0,0,0,0,0,0,0,0,0,0,0
0.928,0,0,0,0,0,0,0,0,0,0,0,0,0
0.929,0,0,0,0,0,0,0,0,0,0,0,0,0
0.93,0,0,0,0,0,0,0,0,0,0,0,0,0
0.931,0,0,0,0,0,0,0,0,0,0,0,0,0
0.932,0,0,0,0,0,0,0,0,0,0.01662953,0,0,0
0.933,0,0,0,0,0,0,0,0,0,0.06111857,0,0,0
0.934,0,0,0,0,0,0,0,0,0,0.17407094,0,0,0
0.935,0,0,0,0,0,0,0,0,0,0.38946454,0,0,0
0.936,0,0,0,0,0,0,0,0,0,0.6645915,0,0,0
0.937,0,0,0,0,0,0,0,0,0,0.87454114,0,0,0
0.938,0,0,0,0,0,0,0,0,0,0.93695988,0,0,0
0.939,0,0,0,0,0,0,0,0,0,0.96751014,0,0,0
0.94,0,0,0,0,0,0,0,0,0,0.9893391,0,0,0
0.941,0,0,0,0,0,0,0,0,0,0.9951269,0,0,0
0.942,0,0,0,0,0,0,0,0,0,1,0,0,0
0.943,0,0,0,0,0,0,0,0,0,0.97845762,0,0,0
0.944,0,0,0,0,0,0,0,0,0,0.98069118,0,0,0
0.945,0,0,0,0,0,0,0,0,0,0.9922335,0,0,0
0.946,0,0,0,0,0,0,0,0,0,0.98798379,0,0,0
0.947,0,0,0,0,0,0,0,0,0,0.99428313,0,0,0
0.948,0,0,0,0,0,0,0,0,0,0.98348041,0,0,0
0.949,0,0,0,0,0,0,0,0,0,0.97820013,0,0,0
0.95,0,0,0,0,0,0,0,0,0,0.95023367,0,0,0
0.951,0,0,0,0,0,0,0,0,0,0.95299604,0,0,0
0.952,0,0,0,0,0,0,0,0,0,0.92240308,0,0,0
0.953,0,0,0,0,0,0,0,0,0,0.85573828,0,0,0
0.954,0,0,0,0,0,0,0,0,0,0.70970228,0,0,0
0.955,0,0,0,0,0,0,0,0,0,0.46429542,0,0,0
0.956,0,0,0,0,0,0,0,0,0,0.21538427,0,0,0
0.957,0,0,0,0,0,0,0,0,0,0.06534121,0,0,0
0.958,0,0,0,0,0,0,0,0,0,0.01625596,0,0,0
0.959,0,0,0,0,0,0,0,0,0,0,0,0,0
0.96,0,0,0,0,0,0,0,0,0,0,0,0,0
0.961,0,0,0,0,0,0,0,0,0,0,0,0,0
0.962,0,0,0,0,0,0,0,0,0,0,0,0,0
0.963,0,0,0,0,0,0,0,0,0,0,0,0,0
0.964,0,0,0,0,0,0,0,0,0,0,0,0,0
0.965,0,0,0,0,0,0,0,0,0,0,0,0,0
0.966,0,0,0,0,0,0,0,0,0,0,0,0,0
0.967,0,0,0,0,0,0,0,0,0,0,0,0,0
0.968,0,0,0,0,0,0,0,0,0,0,0,0,0
0.969,0,0,0,0,0,0,0,0,0,0,0,0,0
0.97,0,0,0,0,0,0,0,0,0,0,0,0,0
0.971,0,0,0,0,0,0,0,0,0,0,0,0,0
0.972,0,0,0,0,0,0,0,0,0,0,0,0,0
0.973,0,0,0,0,0,0,0,0,0,0,0,0,0
0.974,0,0,0,0,0,0,0,0,0,0,0,0,0
0.975,0,0,0,0,0,0,0,0,0,0,0,0,0
0.976,0,0,0,0,0,0,0,0,0,0,0,0,0
0.977,0,0,0,0,0,0,0,0,0,0,0,0,0
0.978,0,0,0,0,0,0,0,0,0,0,0,0,0
0.979,0,0,0,0,0,0,0,0,0,0,0,0,0
0.98,0,0,0,0,0,0,0,0,0,0,0,0,0
0.981,0,0,0,0,0,0,0,0,0,0,0,0,0
0.982,0,0,0,0,0,0,0,0,0,0,0,0,0
0.983,0,0,0,0,0,0,0,0,0,0,0,0,0
0.984,0,0,0,0,0,0,0,0,0,0,0,0,0
0.985,0,0,0,0,0,0,0,0,0,0,0,0,0
0.986,0,0,0,0,0,0,0,0,0,0,0,0,0
0.987,0,0,0,0,0,0,0,0,0,0,0,0,0
0.988,0,0,0,0,0,0,0,0,0,0,0,0,0
0.989,0,0,0,0,0,0,0,0,0,0,0,0,0
0.99,0,0,0,0,0,0,0,0,0,0,0,0,0
0.991,0,0,0,0,0,0,0,0,0,0,0,0,0
0.992,0,0,0,0,0,0,0,0,0,0,0,0,0
0.993,0,0,0,0,0,0,0,0,0,0,0,0,0
0.994,0,0,0,0,0,0,0,0,0,0,0,0,0
0.995,0,0,0,0,0,0,0,0,0,0,0,0,0
0.996,0,0,0,0,0,0,0,0,0,0,0,0,0
0.997,0,0,0,0,0,0,0,0,0,0,0,0,0
0.998,0,0,0,0,0,0,0,0,0,0,0,0,0
0.999,0,0,0,0,0,0,0,0,0,0,0,0,0
1,0,0,0,0,0,0,0,0,0,0,0,0,0
1.001,0,0,0,0,0,0,0,0,0,0,0,0,0
1.002,0,0,0,0,0,0,0,0,0,0,0,0,0
1.003,0,0,0,0,0,0,0,0,0,0,0,0,0
1.004,0,0,0,0,0,0,0,0,0,0,0,0,0
1.005,0,0,0,0,0,0,0,0,0,0,0,0,0
1.006,0,0,0,0,0,0,0,0,0,0,0,0,0
1.007,0,0,0,0,0,0,0,0,0,0,0,0,0
1.008,0,0,0,0,0,0,0,0,0,0,0,0,0
1.009,0,0,0,0,0,0,0,0,0,0,0,0,0
1.01,0,0,0,0,0,0,0,0,0,0,0,0,0
1.011,0,0,0,0,0,0,0,0,0,0,0,0,0
1.012,0,0,0,0,0,0,0,0,0,0,0,0,0
1.013,0,0,0,0,0,0,0,0,0,0,0,0,0
1.014,0,0,0,0,0,0,0,0,0,0,0,0,0
1.015,0,0,0,0,0,0,0,0,0,0,0,0,0
1.016,0,0,0,0,0,0,0,0,0,0,0,0,0
1.017,0,0,0,0,0,0,0,0,0,0,0,0,0
1.018,0,0,0,0,0,0,0,0,0,0,0,0,0
1.019,0,0,0,0,0,0,0,0,0,0,0,0,0
1.02,0,0,0,0,0,0,0,0,0,0,0,0,0
1.021,0,0,0,0,0,0,0,0,0,0,0,0,0
1.022,0,0,0,0,0,0,0,0,0,0,0,0,0
1.023,0,0,0,0,0,0,0,0,0,0,0,0,0
1.024,0,0,0,0,0,0,0,0,0,0,0,0,0
1.025,0,0,0,0,0,0,0,0,0,0,0,0,0
1.026,0,0,0,0,0,0,0,0,0,0,0,0,0
1.027,0,0,0,0,0,0,0,0,0,0,0,0,0
1.028,0,0,0,0,0,0,0,0,0,0,0,0,0
1.029,0,0,0,0,0,0,0,0,0,0,0,0,0
1.03,0,0,0,0,0,0,0,0,0,0,0,0,0
1.031,0,0,0,0,0,0,0,0,0,0,0,0,0
1.032,0,0,0,0,0,0,0,0,0,0,0,0,0
1.033,0,0,0,0,0,0,0,0,0,0,0,0,0
1.034,0,0,0,0,0,0,0,0,0,0,0,0,0
1.035,0,0,0,0,0,0,0,0,0,0,0,0,0
1.036,0,0,0,0,0,0,0,0,0,0,0,0,0
1.037,0,0,0,0,0,0,0,0,0,0,0,0,0
1.038,0,0,0,0,0,0,0,0,0,0,0,0,0
1.039,0,0,0,0,0,0,0,0,0,0,0,0,0
1.04,0,0,0,0,0,0,0,0,0,0,0,0,0
1.041,0,0,0,0,0,0,0,0,0,0,0,0,0
1.042,0,0,0,0,0,0,0,0,0,0,0,0,0
1.043,0,0,0,0,0,0,0,0,0,0,0,0,0
1.044,0,0,0,0,0,0,0,0,0,0,0,0,0
1.045,0,0,0,0,0,0,0,0,0,0,0,0,0
1.046,0,0,0,0,0,0,0,0,0,0,0,0,0
1.047,0,0,0,0,0,0,0,0,0,0,0,0,0
1.048,0,0,0,0,0,0,0,0,0,0,0,0,0
1.049,0,0,0,0,0,0,0,0,0,0,0,0,0
1.05,0,0,0,0,0,0,0,0,0,0,0,0,0
1.051,0,0,0,0,0,0,0,0,0,0,0,0,0
1.052,0,0,0,0,0,0,0,0,0,0,0,0,0
1.053,0,0,0,0,0,0,0,0,0,0,0,0,0
1.054,0,0,0,0,0,0,0,0,0,0,0,0,0
1.055,0,0,0,0,0,0,0,0,0,0,0,0,0
1.056,0,0,0,0,0,0,0,0,0,0,0,0,0
1.057,0,0,0,0,0,0,0,0,0,0,0,0,0
1.058,0,0,0,0,0,0,0,0,0,0,0,0,0
1.059,0,0,0,0,0,0,0,0,0,0,0,0,0
1.06,0,0,0,0,0,0,0,0,0,0,0,0,0
1.061,0,0,0,0,0,0,0,0,0,0,0,0,0
1.062,0,0,0,0,0,0,0,0,0,0,0,0,0
1.063,0,0,0,0,0,0,0,0,0,0,0,0,0
1.064,0,0,0,0,0,0,0,0,0,0,0,0,0
1.065,0,0,0,0,0,0,0,0,0,0,0,0,0
1.066,0,0,0,0,0,0,0,0,0,0,0,0,0
1.067,0,0,0,0,0,0,0,0,0,0,0,0,0
1.068,0,0,0,0,0,0,0,0,0,0,0,0,0
1.069,0,0,0,0,0,0,0,0,0,0,0,0,0
1.07,0,0,0,0,0,0,0,0,0,0,0,0,0
1.071,0,0,0,0,0,0,0,0,0,0,0,0,0
1.072,0,0,0,0,0,0,0,0,0,0,0,0,0
1.073,0,0,0,0,0,0,0,0,0,0,0,0,0
1.074,0,0,0,0,0,0,0,0,0,0,0,0,0
1.075,0,0,0,0,0,0,0,0,0,0,0,0,0
1.076,0,0,0,0,0,0,0,0,0,0,0,0,0
1.077,0,0,0,0,0,0,0,0,0,0,0,0,0
1.078,0,0,0,0,0,0,0,0,0,0,0,0,0
1.079,0,0,0,0,0,0,0,0,0,0,0,0,0
1.08,0,0,0,0,0,0,0,0,0,0,0,0,0
1.081,0,0,0,0,0,0,0,0,0,0,0,0,0
1.082,0,0,0,0,0,0,0,0,0,0,0,0,0
1.083,0,0,0,0,0,0,0,0,0,0,0,0,0
1.084,0,0,0,0,0,0,0,0,0,0,0,0,0
1.085,0,0,0,0,0,0,0,0,0,0,0,0,0
1.086,0,0,0,0,0,0,0,0,0,0,0,0,0
1.087,0,0,0,0,0,0,0,0,0,0,0,0,0
1.088,0,0,0,0,0,0,0,0,0,0,0,0,0
1.089,0,0,0,0,0,0,0,0,0,0,0,0,0
1.09,0,0,0,0,0,0,0,0,0,0,0,0,0
1.091,0,0,0,0,0,0,0,0,0,0,0,0,0
1.092,0,0,0,0,0,0,0,0,0,0,0,0,0
1.093,0,0,0,0,0,0,0,0,0,0,0,0,0
1.094,0,0,0,0,0,0,0,0,0,0,0,0,0
1.095,0,0,0,0,0,0,0,0,0,0,0,0,0
1.096,0,0,0,0,0,0,0,0,0,0,0,0,0
1.097,0,0,0,0,0,0,0,0,0,0,0,0,0
1.098,0,0,0,0,0,0,0,0,0,0,0,0,0
1.099,0,0,0,0,0,0,0,0,0,0,0,0,0
1.1,0,0,0,0,0,0,0,0,0,0,0,0,0
1.101,0,0,0,0,0,0,0,0,0,0,0,0,0
1.102,0,0,0,0,0,0,0,0,0,0,0,0,0
1.103,0,0,0,0,0,0,0,0,0,0,0,0,0
1.104,0,0,0,0,0,0,0,0,0,0,0,0,0
1.105,0,0,0,0,0,0,0,0,0,0,0,0,0
1.106,0,0,0,0,0,0,0,0,0,0,0,0,0
1.107,0,0,0,0,0,0,0,0,0,0,0,0,0
1.108,0,0,0,0,0,0,0,0,0,0,0,0,0
1.109,0,0,0,0,0,0,0,0,0,0,0,0,0
1.11,0,0,0,0,0,0,0,0,0,0,0,0,0
1.111,0,0,0,0,0,0,0,0,0,0,0,0,0
1.112,0,0,0,0,0,0,0,0,0,0,0,0,0
1.113,0,0,0,0,0,0,0,0,0,0,0,0,0
1.114,0,0,0,0,0,0,0,0,0,0,0,0,0
1.115,0,0,0,0,0,0,0,0,0,0,0,0,0
1.116,0,0,0,0,0,0,0,0,0,0,0,0,0
1.117,0,0,0,0,0,0,0,0,0,0,0,0,0
1.118,0,0,0,0,0,0,0,0,0,0,0,0,0
1.119,0,0,0,0,0,0,0,0,0,0,0,0,0
1.12,0,0,0,0,0,0,0,0,0,0,0,0,0
1.121,0,0,0,0,0,0,0,0,0,0,0,0,0
1.122,0,0,0,0,0,0,0,0,0,0,0,0,0
1.123,0,0,0,0,0,0,0,0,0,0,0,0,0
1.124,0,0,0,0,0,0,0,0,0,0,0,0,0
1.125,0,0,0,0,0,0,0,0,0,0,0,0,0
1.126,0,0,0,0,0,0,0,0,0,0,0,0,0
1.127,0,0,0,0,0,0,0,0,0,0,0,0,0
1.128,0,0,0,0,0,0,0,0,0,0,0,0,0
1.129,0,0,0,0,0,0,0,0,0,0,0,0,0
1.13,0,0,0,0,0,0,0,0,0,0,0,0,0
1.131,0,0,0,0,0,0,0,0,0,0,0,0,0
1.132,0,0,0,0,0,0,0,0,0,0,0,0,0
1.133,0,0,0,0,0,0,0,0,0,0,0,0,0
1.134,0,0,0,0,0,0,0,0,0,0,0,0,0
1.135,0,0,0,0,0,0,0,0,0,0,0,0,0
1.136,0,0,0,0,0,0,0,0,0,0,0,0,0
1.137,0,0,0,0,0,0,0,0,0,0,0,0,0
1.138,0,0,0,0,0,0,0,0,0,0,0,0,0
1.139,0,0,0,0,0,0,0,0,0,0,0,0,0
1.14,0,0,0,0,0,0,0,0,0,0,0,0,0
1.141,0,0,0,0,0,0,0,0,0,0,0,0,0
1.142,0,0,0,0,0,0,0,0,0,0,0,0,0
1.143,0,0,0,0,0,0,0,0,0,0,0,0,0
1.144,0,0,0,0,0,0,0,0,0,0,0,0,0
1.145,0,0,0,0,0,0,0,0,0,0,0,0,0
1.146,0,0,0,0,0,0,0,0,0,0,0,0,0
1.147,0,0,0,0,0,0,0,0,0,0,0,0,0
1.148,0,0,0,0,0,0,0,0,0,0,0,0,0
1.149,0,0,0,0,0,0,0,0,0,0,0,0,0
1.15,0,0,0,0,0,0,0,0,0,0,0,0,0
1.151,0,0,0,0,0,0,0,0,0,0,0,0,0
1.152,0,0,0,0,0,0,0,0,0,0,0,0,0
1.153,0,0,0,0,0,0,0,0,0,0,0,0,0
1.154,0,0,0,0,0,0,0,0,0,0,0,0,0
1.155,0,0,0,0,0,0,0,0,0,0,0,0,0
1.156,0,0,0,0,0,0,0,0,0,0,0,0,0
1.157,0,0,0,0,0,0,0,0,0,0,0,0,0
1.158,0,0,0,0,0,0,0,0,0,0,0,0,0
1.159,0,0,0,0,0,0,0,0,0,0,0,0,0
1.16,0,0,0,0,0,0,0,0,0,0,0,0,0
1.161,0,0,0,0,0,0,0,0,0,0,0,0,0
1.162,0,0,0,0,0,0,0,0,0,0,0,0,0
1.163,0,0,0,0,0,0,0,0,0,0,0,0,0
1.164,0,0,0,0,0,0,0,0,0,0,0,0,0
1.165,0,0,0,0,0,0,0,0,0,0,0,0,0
1.166,0,0,0,0,0,0,0,0,0,0,0,0,0
1.167,0,0,0,0,0,0,0,0,0,0,0,0,0
1.168,0,0,0,0,0,0,0,0,0,0,0,0,0
1.169,0,0,0,0,0,0,0,0,0,0,0,0,0
1.17,0,0,0,0,0,0,0,0,0,0,0,0,0
1.171,0,0,0,0,0,0,0,0,0,0,0,0,0
1.172,0,0,0,0,0,0,0,0,0,0,0,0,0
1.173,0,0,0,0,0,0,0,0,0,0,0,0,0
1.174,0,0,0,0,0,0,0,0,0,0,0,0,0
1.175,0,0,0,0,0,0,0,0,0,0,0,0,0
1.176,0,0,0,0,0,0,0,0,0,0,0,0,0
1.177,0,0,0,0,0,0,0,0,0,0,0,0,0
1.178,0,0,0,0,0,0,0,0,0,0,0,0,0
1.179,0,0,0,0,0,0,0,0,0,0,0,0,0
1.18,0,0,0,0,0,0,0,0,0,0,0,0,0
1.181,0,0,0,0,0,0,0,0,0,0,0,0,0
1.182,0,0,0,0,0,0,0,0,0,0,0,0,0
1.183,0,0,0,0,0,0,0,0,0,0,0,0,0
1.184,0,0,0,0,0,0,0,0,0,0,0,0,0
1.185,0,0,0,0,0,0,0,0,0,0,0,0,0
1.186,0,0,0,0,0,0,0,0,0,0,0,0,0
1.187,0,0,0,0,0,0,0,0,0,0,0,0,0
1.188,0,0,0,0,0,0,0,0,0,0,0,0,0
1.189,0,0,0,0,0,0,0,0,0,0,0,0,0
1.19,0,0,0,0,0,0,0,0,0,0,0,0,0
1.191,0,0,0,0,0,0,0,0,0,0,0,0,0
1.192,0,0,0,0,0,0,0,0,0,0,0,0,0
1.193,0,0,0,0,0,0,0,0,0,0,0,0,0
1.194,0,0,0,0,0,0,0,0,0,0,0,0,0
1.195,0,0,0,0,0,0,0,0,0,0,0,0,0
1.196,0,0,0,0,0,0,0,0,0,0,0,0,0
1.197,0,0,0,0,0,0,0,0,0,0,0,0,0
1.198,0,0,0,0,0,0,0,0,0,0,0,0,0
1.199,0,0,0,0,0,0,0,0,0,0,0,0,0
1.2,0,0,0,0,0,0,0,0,0,0,0,0,0
1.201,0,0,0,0,0,0,0,0,0,0,0,0,0
1.202,0,0,0,0,0,0,0,0,0,0,0,0,0
1.203,0,0,0,0,0,0,0,0,0,0,0,0,0
1.204,0,0,0,0,0,0,0,0,0,0,0,0,0
1.205,0,0,0,0,0,0,0,0,0,0,0,0,0
1.206,0,0,0,0,0,0,0,0,0,0,0,0,0
1.207,0,0,0,0,0,0,0,0,0,0,0,0,0
1.208,0,0,0,0,0,0,0,0,0,0,0,0,0
1.209,0,0,0,0,0,0,0,0,0,0,0,0,0
1.21,0,0,0,0,0,0,0,0,0,0,0,0,0
1.211,0,0,0,0,0,0,0,0,0,0,0,0,0
1.212,0,0,0,0,0,0,0,0,0,0,0,0,0
1.213,0,0,0,0,0,0,0,0,0,0,0,0,0
1.214,0,0,0,0,0,0,0,0,0,0,0,0,0
1.215,0,0,0,0,0,0,0,0,0,0,0,0,0
1.216,0,0,0,0,0,0,0,0,0,0,0,0,0
1.217,0,0,0,0,0,0,0,0,0,0,0,0,0
1.218,0,0,0,0,0,0,0,0,0,0,0,0,0
1.219,0,0,0,0,0,0,0,0,0,0,0,0,0
1.22,0,0,0,0,0,0,0,0,0,0,0,0,0
1.221,0,0,0,0,0,0,0,0,0,0,0,0,0
1.222,0,0,0,0,0,0,0,0,0,0,0,0,0
1.223,0,0,0,0,0,0,0,0,0,0,0,0,0
1.224,0,0,0,0,0,0,0,0,0,0,0,0,0
1.225,0,0,0,0,0,0,0,0,0,0,0,0,0
1.226,0,0,0,0,0,0,0,0,0,0,0,0,0
1.227,0,0,0,0,0,0,0,0,0,0,0,0,0
1.228,0,0,0,0,0,0,0,0,0,0,0,0,0
1.229,0,0,0,0,0,0,0,0,0,0,0,0,0
1.23,0,0,0,0,0,0,0,0,0,0,0,0,0
1.231,0,0,0,0,0,0,0,0,0,0,0,0,0
1.232,0,0,0,0,0,0,0,0,0,0,0,0,0
1.233,0,0,0,0,0,0,0,0,0,0,0,0,0
1.234,0,0,0,0,0,0,0,0,0,0,0,0,0
1.235,0,0,0,0,0,0,0,0,0,0,0,0,0
1.236,0,0,0,0,0,0,0,0,0,0,0,0,0
1.237,0,0,0,0,0,0,0,0,0,0,0,0,0
1.238,0,0,0,0,0,0,0,0,0,0,0,0,0
1.239,0,0,0,0,0,0,0,0,0,0,0,0,0
1.24,0,0,0,0,0,0,0,0,0,0,0,0,0
1.241,0,0,0,0,0,0,0,0,0,0,0,0,0
1.242,0,0,0,0,0,0,0,0,0,0,0,0,0
1.243,0,0,0,0,0,0,0,0,0,0,0,0,0
1.244,0,0,0,0,0,0,0,0,0,0,0,0,0
1.245,0,0,0,0,0,0,0,0,0,0,0,0,0
1.246,0,0,0,0,0,0,0,0,0,0,0,0,0
1.247,0,0,0,0,0,0,0,0,0,0,0,0,0
1.248,0,0,0,0,0,0,0,0,0,0,0,0,0
1.249,0,0,0,0,0,0,0,0,0,0,0,0,0
1.25,0,0,0,0,0,0,0,0,0,0,0,0,0
1.251,0,0,0,0,0,0,0,0,0,0,0,0,0
1.252,0,0,0,0,0,0,0,0,0,0,0,0,0
1.253,0,0,0,0,0,0,0,0,0,0,0,0,0
1.254,0,0,0,0,0,0,0,0,0,0,0,0,0
1.255,0,0,0,0,0,0,0,0,0,0,0,0,0
1.256,0,0,0,0,0,0,0,0,0,0,0,0,0
1.257,0,0,0,0,0,0,0,0,0,0,0,0,0
1.258,0,0,0,0,0,0,0,0,0,0,0,0,0
1.259,0,0,0,0,0,0,0,0,0,0,0,0,0
1.26,0,0,0,0,0,0,0,0,0,0,0,0,0
1.261,0,0,0,0,0,0,0,0,0,0,0,0,0
1.262,0,0,0,0,0,0,0,0,0,0,0,0,0
1.263,0,0,0,0,0,0,0,0,0,0,0,0,0
1.264,0,0,0,0,0,0,0,0,0,0,0,0,0
1.265,0,0,0,0,0,0,0,0,0,0,0,0,0
1.266,0,0,0,0,0,0,0,0,0,0,0,0,0
1.267,0,0,0,0,0,0,0,0,0,0,0,0,0
1.268,0,0,0,0,0,0,0,0,0,0,0,0,0
1.269,0,0,0,0,0,0,0,0,0,0,0,0,0
1.27,0,0,0,0,0,0,0,0,0,0,0,0,0
1.271,0,0,0,0,0,0,0,0,0,0,0,0,0
1.272,0,0,0,0,0,0,0,0,0,0,0,0,0
1.273,0,0,0,0,0,0,0,0,0,0,0,0,0
1.274,0,0,0,0,0,0,0,0,0,0,0,0,0
1.275,0,0,0,0,0,0,0,0,0,0,0,0,0
1.276,0,0,0,0,0,0,0,0,0,0,0,0,0
1.277,0,0,0,0,0,0,0,0,0,0,0,0,0
1.278,0,0,0,0,0,0,0,0,0,0,0,0,0
1.279,0,0,0,0,0,0,0,0,0,0,0,0,0
1.28,0,0,0,0,0,0,0,0,0,0,0,0,0
1.281,0,0,0,0,0,0,0,0,0,0,0,0,0
1.282,0,0,0,0,0,0,0,0,0,0,0,0,0
1.283,0,0,0,0,0,0,0,0,0,0,0,0,0
1.284,0,0,0,0,0,0,0,0,0,0,0,0,0
1.285,0,0,0,0,0,0,0,0,0,0,0,0,0
1.286,0,0,0,0,0,0,0,0,0,0,0,0,0
1.287,0,0,0,0,0,0,0,0,0,0,0,0,0
1.288,0,0,0,0,0,0,0,0,0,0,0,0,0
1.289,0,0,0,0,0,0,0,0,0,0,0,0,0
1.29,0,0,0,0,0,0,0,0,0,0,0,0,0
1.291,0,0,0,0,0,0,0,0,0,0,0,0,0
1.292,0,0,0,0,0,0,0,0,0,0,0,0,0
1.293,0,0,0,0,0,0,0,0,0,0,0,0,0
1.294,0,0,0,0,0,0,0,0,0,0,0,0,0
1.295,0,0,0,0,0,0,0,0,0,0,0,0,0
1.296,0,0,0,0,0,0,0,0,0,0,0,0,0
1.297,0,0,0,0,0,0,0,0,0,0,0,0,0
1.298,0,0,0,0,0,0,0,0,0,0,0,0,0
1.299,0,0,0,0,0,0,0,0,0,0,0,0,0
1.3,0,0,0,0,0,0,0,0,0,0,0,0,0
1.301,0,0,0,0,0,0,0,0,0,0,0,0,0
1.302,0,0,0,0,0,0,0,0,0,0,0,0,0
1.303,0,0,0,0,0,0,0,0,0,0,0,0,0
1.304,0,0,0,0,0,0,0,0,0,0,0,0,0
1.305,0,0,0,0,0,0,0,0,0,0,0,0,0
1.306,0,0,0,0,0,0,0,0,0,0,0,0,0
1.307,0,0,0,0,0,0,0,0,0,0,0,0,0
1.308,0,0,0,0,0,0,0,0,0,0,0,0,0
1.309,0,0,0,0,0,0,0,0,0,0,0,0,0
1.31,0,0,0,0,0,0,0,0,0,0,0,0,0
1.311,0,0,0,0,0,0,0,0,0,0,0,0,0
1.312,0,0,0,0,0,0,0,0,0,0,0,0,0
1.313,0,0,0,0,0,0,0,0,0,0,0,0,0
1.314,0,0,0,0,0,0,0,0,0,0,0,0,0
1.315,0,0,0,0,0,0,0,0,0,0,0,0,0
1.316,0,0,0,0,0,0,0,0,0,0,0,0,0
1.317,0,0,0,0,0,0,0,0,0,0,0,0,0
1.318,0,0,0,0,0,0,0,0,0,0,0,0,0
1.319,0,0,0,0,0,0,0,0,0,0,0,0,0
1.32,0,0,0,0,0,0,0,0,0,0,0,0,0
1.321,0,0,0,0,0,0,0,0,0,0,0,0,0
1.322,0,0,0,0,0,0,0,0,0,0,0,0,0
1.323,0,0,0,0,0,0,0,0,0,0,0,0,0
1.324,0,0,0,0,0,0,0,0,0,0,0,0,0
1.325,0,0,0,0,0,0,0,0,0,0,0,0,0
1.326,0,0,0,0,0,0,0,0,0,0,0,0,0
1.327,0,0,0,0,0,0,0,0,0,0,0,0,0
1.328,0,0,0,0,0,0,0,0,0,0,0,0,0
1.329,0,0,0,0,0,0,0,0,0,0,0,0,0
1.33,0,0,0,0,0,0,0,0,0,0,0,0,0
1.331,0,0,0,0,0,0,0,0,0,0,0,0,0
1.332,0,0,0,0,0,0,0,0,0,0,0,0,0
1.333,0,0,0,0,0,0,0,0,0,0,0,0,0
1.334,0,0,0,0,0,0,0,0,0,0,0,0,0
1.335,0,0,0,0,0,0,0,0,0,0,0,0,0
1.336,0,0,0,0,0,0,0,0,0,0,0,0,0
1.337,0,0,0,0,0,0,0,0,0,0,0.000238032,0,0
1.338,0,0,0,0,0,0,0,0,0,0,0.000054011,0,0
1.339,0,0,0,0,0,0,0,0,0,0,0.000030555,0,0
1.34,0,0,0,0,0,0,0,0,0,0,0.000028606,0,0
1.341,0,0,0,0,0,0,0,0,0,0,0.000076414,0,0
1.342,0,0,0,0,0,0,0,0,0,0,0.000109542,0,0
1.343,0,0,0,0,0,0,0,0,0,0,0.000088112,0,0
1.344,0,0,0,0,0,0,0,0,0,0,0.000124276,0,0
1.345,0,0,0,0,0,0,0,0,0,0,0.000175866,0,0
1.346,0,0,0,0,0,0,0,0,0,0,0.000334017,0,0
1.347,0,0,0,0,0,0,0,0,0,0,0.000371868,0,0
1.348,0,0,0,0,0,0,0,0,0,0,0.000448739,0,0
1.349,0,0,0,0,0,0,0,0,0,0,0.000658249,0,0
1.35,0,0,0,0,0,0,0,0,0,0,0.001089206,0,0
1.351,0,0,0,0,0,0,0,0,0,0,0.00196845,0,0
1.352,0,0,0,0,0,0,0,0,0,0,0.003736281,0,0
1.353,0,0,0,0,0,0,0,0,0,0,0.008016927,0,0
1.354,0,0,0,0,0,0,0,0,0,0,0.018845345,0,0
1.355,0,0,0,0,0,0,0,0,0,0,0.044655923,0,0
1.356,0,0,0,0,0,0,0,0,0,0,0.101545368,0,0
1.357,0,0,0,0,0,0,0,0,0,0,0.200854803,0,0
1.358,0,0,0,0,0,0,0,0,0,0,0.342389339,0,0
1.359,0,0,0,0,0,0,0,0,0,0,0.506471542,0,0
1.36,0,0,0,0,0,0,0,0,0,0,0.662498209,0,0
1.361,0,0,0,0,0,0,0,0,0,0,0.783168494,0,0
1.362,0,0,0,0,0,0,0,0,0,0,0.861210463,0,0
1.363,0,0,0,0,0,0,0,0,0,0,0.910000298,0,0
1.364,0,0,0,0,0,0,0,0,0,0,0.942126255,0,0
1.365,0,0,0,0,0,0,0,0,0,0,0.962015449,0,0
1.366,0,0,0,0,0,0,0,0,0,0,0.973750495,0,0
1.367,0,0,0,0,0,0,0,0,0,0,0.981720971,0,0
1.368,0,0,0,0,0,0,0,0,0,0,0.987945142,0,0
1.369,0,0,0,0,0,0,0,0,0,0,0.992810636,0,0
1.37,0,0,0,0,0,0,0,0,0,0,0.996478958,0,0
1.371,0,0,0,0,0,0,0,0,0,0,0.99904946,0,0
1.372,0,0,0,0,0,0,0,0,0,0,1,0,0
1.373,0,0,0,0,0,0,0,0,0,0,0.999092287,0,0
1.374,0,0,0,0,0,0,0,0,0,0,0.996049616,0,0
1.375,0,0,0,0,0,0,0,0,0,0,0.990956135,0,0
1.376,0,0,0,0,0,0,0,0,0,0,0.984853732,0,0
1.377,0,0,0,0,0,0,0,0,0,0,0.978085355,0,0
1.378,0,0,0,0,0,0,0,0,0,0,0.970372704,0,0
1.379,0,0,0,0,0,0,0,0,0,0,0.960890124,0,0
1.38,0,0,0,0,0,0,0,0,0,0,0.948599028,0,0
1.381,0,0,0,0,0,0,0,0,0,0,0.933274986,0,0
1.382,0,0,0,0,0,0,0,0,0,0,0.915013686,0,0
1.383,0,0,0,0,0,0,0,0,0,0,0.894075033,0,0
1.384,0,0,0,0,0,0,0,0,0,0,0.868634853,0,0
1.385,0,0,0,0,0,0,0,0,0,0,0.830744554,0,0
1.386,0,0,0,0,0,0,0,0,0,0,0.76452492,0,0
1.387,0,0,0,0,0,0,0,0,0,0,0.65530055,0,0
1.388,0,0,0,0,0,0,0,0,0,0,0.507853983,0,0
1.389,0,0,0,0,0,0,0,0,0,0,0.35145525,0,0
1.39,0,0,0,0,0,0,0,0,0,0,0.219307816,0,0
1.391,0,0,0,0,0,0,0,0,0,0,0.1274815,0,0
1.392,0,0,0,0,0,0,0,0,0,0,0.068371642,0,0
1.393,0,0,0,0,0,0,0,0,0,0,0.032620423,0,0
1.394,0,0,0,0,0,0,0,0,0,0,0.013687992,0,0
1.395,0,0,0,0,0,0,0,0,0,0,0.005499615,0,0
1.396,0,0,0,0,0,0,0,0,0,0,0.002399545,0,0
1.397,0,0,0,0,0,0,0,0,0,0,0.001125292,0,0
1.398,0,0,0,0,0,0,0,0,0,0,0.000545136,0,0
1.399,0,0,0,0,0,0,0,0,0,0,0.000350108,0,0
1.4,0,0,0,0,0,0,0,0,0,0,0.000176863,0,0
1.401,0,0,0,0,0,0,0,0,0,0,0.000218748,0,0
1.402,0,0,0,0,0,0,0,0,0,0,0.000196998,0,0
1.403,0,0,0,0,0,0,0,0,0,0,0.0001058,0,0
1.404,0,0,0,0,0,0,0,0,0,0,0.000059528,0,0
1.405,0,0,0,0,0,0,0,0,0,0,0.000051435,0,0
1.406,0,0,0,0,0,0,0,0,0,0,0.000061894,0,0
1.407,0,0,0,0,0,0,0,0,0,0,0.000056196,0,0
1.408,0,0,0,0,0,0,0,0,0,0,0.000039155,0,0
1.409,0,0,0,0,0,0,0,0,0,0,0.00003185,0,0
1.41,0,0,0,0,0,0,0,0,0,0,0.000121264,0,0
1.411,0,0,0,0,0,0,0,0,0,0,0.000108791,0,0
1.412,0,0,0,0,0,0,0,0,0,0,0.000025451,0,0
1.413,0,0,0,0,0,0,0,0,0,0,0,0,0
1.414,0,0,0,0,0,0,0,0,0,0,0,0,0
1.415,0,0,0,0,0,0,0,0,0,0,0,0,0
1.416,0,0,0,0,0,0,0,0,0,0,0,0,0
1.417,0,0,0,0,0,0,0,0,0,0,0,0,0
1.418,0,0,0,0,0,0,0,0,0,0,0,0,0
1.419,0,0,0,0,0,0,0,0,0,0,0,0,0
1.42,0,0,0,0,0,0,0,0,0,0,0,0,0
1.421,0,0,0,0,0,0,0,0,0,0,0,0,0
1.422,0,0,0,0,0,0,0,0,0,0,0,0,0
1.423,0,0,0,0,0,0,0,0,0,0,0,0,0
1.424,0,0,0,0,0,0,0,0,0,0,0,0,0
1.425,0,0,0,0,0,0,0,0,0,0,0,0,0
1.426,0,0,0,0,0,0,0,0,0,0,0,0,0
1.427,0,0,0,0,0,0,0,0,0,0,0,0,0
1.428,0,0,0,0,0,0,0,0,0,0,0,0,0
1.429,0,0,0,0,0,0,0,0,0,0,0,0,0
1.43,0,0,0,0,0,0,0,0,0,0,0,0,0
1.431,0,0,0,0,0,0,0,0,0,0,0,0,0
1.432,0,0,0,0,0,0,0,0,0,0,0,0,0
1.433,0,0,0,0,0,0,0,0,0,0,0,0,0
1.434,0,0,0,0,0,0,0,0,0,0,0,0,0
1.435,0,0,0,0,0,0,0,0,0,0,0,0,0
1.436,0,0,0,0,0,0,0,0,0,0,0,0,0
1.437,0,0,0,0,0,0,0,0,0,0,0,0,0
1.438,0,0,0,0,0,0,0,0,0,0,0,0,0
1.439,0,0,0,0,0,0,0,0,0,0,0,0,0
1.44,0,0,0,0,0,0,0,0,0,0,0,0,0
1.441,0,0,0,0,0,0,0,0,0,0,0,0,0
1.442,0,0,0,0,0,0,0,0,0,0,0,0,0
1.443,0,0,0,0,0,0,0,0,0,0,0,0,0
1.444,0,0,0,0,0,0,0,0,0,0,0,0,0
1.445,0,0,0,0,0,0,0,0,0,0,0,0,0
1.446,0,0,0,0,0,0,0,0,0,0,0,0,0
1.447,0,0,0,0,0,0,0,0,0,0,0,0,0
1.448,0,0,0,0,0,0,0,0,0,0,0,0,0
1.449,0,0,0,0,0,0,0,0,0,0,0,0,0
1.45,0,0,0,0,0,0,0,0,0,0,0,0,0
1.451,0,0,0,0,0,0,0,0,0,0,0,0,0
1.452,0,0,0,0,0,0,0,0,0,0,0,0,0
1.453,0,0,0,0,0,0,0,0,0,0,0,0,0
1.454,0,0,0,0,0,0,0,0,0,0,0,0,0
1.455,0,0,0,0,0,0,0,0,0,0,0,0,0
1.456,0,0,0,0,0,0,0,0,0,0,0,0,0
1.457,0,0,0,0,0,0,0,0,0,0,0,0,0
1.458,0,0,0,0,0,0,0,0,0,0,0,0,0
1.459,0,0,0,0,0,0,0,0,0,0,0,0,0
1.46,0,0,0,0,0,0,0,0,0,0,0,0,0
1.461,0,0,0,0,0,0,0,0,0,0,0,0,0
1.462,0,0,0,0,0,0,0,0,0,0,0,0,0
1.463,0,0,0,0,0,0,0,0,0,0,0,0,0
1.464,0,0,0,0,0,0,0,0,0,0,0,0,0
1.465,0,0,0,0,0,0,0,0,0,0,0,0,0
1.466,0,0,0,0,0,0,0,0,0,0,0,0,0
1.467,0,0,0,0,0,0,0,0,0,0,0,0,0
1.468,0,0,0,0,0,0,0,0,0,0,0,0,0
1.469,0,0,0,0,0,0,0,0,0,0,0,0,0
1.47,0,0,0,0,0,0,0,0,0,0,0,0,0
1.471,0,0,0,0,0,0,0,0,0,0,0,0,0
1.472,0,0,0,0,0,0,0,0,0,0,0,0,0
1.473,0,0,0,0,0,0,0,0,0,0,0,0,0
1.474,0,0,0,0,0,0,0,0,0,0,0,0,0
1.475,0,0,0,0,0,0,0,0,0,0,0,0,0
1.476,0,0,0,0,0,0,0,0,0,0,0,0,0
1.477,0,0,0,0,0,0,0,0,0,0,0,0,0
1.478,0,0,0,0,0,0,0,0,0,0,0,0,0
1.479,0,0,0,0,0,0,0,0,0,0,0,0,0
1.48,0,0,0,0,0,0,0,0,0,0,0,0,0
1.481,0,0,0,0,0,0,0,0,0,0,0,0,0
1.482,0,0,0,0,0,0,0,0,0,0,0,0,0
1.483,0,0,0,0,0,0,0,0,0,0,0,0,0
1.484,0,0,0,0,0,0,0,0,0,0,0,0,0
1.485,0,0,0,0,0,0,0,0,0,0,0,0,0
1.486,0,0,0,0,0,0,0,0,0,0,0,0,0
1.487,0,0,0,0,0,0,0,0,0,0,0,0,0
1.488,0,0,0,0,0,0,0,0,0,0,0,0,0
1.489,0,0,0,0,0,0,0,0,0,0,0,0,0
1.49,0,0,0,0,0,0,0,0,0,0,0,0,0
1.491,0,0,0,0,0,0,0,0,0,0,0,0,0
1.492,0,0,0,0,0,0,0,0,0,0,0,0,0
1.493,0,0,0,0,0,0,0,0,0,0,0,0,0
1.494,0,0,0,0,0,0,0,0,0,0,0,0,0
1.495,0,0,0,0,0,0,0,0,0,0,0,0,0
1.496,0,0,0,0,0,0,0,0,0,0,0,0,0
1.497,0,0,0,0,0,0,0,0,0,0,0,0,0
1.498,0,0,0,0,0,0,0,0,0,0,0,0,0
1.499,0,0,0,0,0,0,0,0,0,0,0,0,0
1.5,0,0,0,0,0,0,0,0,0,0,0,0,0
1.501,0,0,0,0,0,0,0,0,0,0,0,0,0
1.502,0,0,0,0,0,0,0,0,0,0,0,0,0
1.503,0,0,0,0,0,0,0,0,0,0,0,0,0
1.504,0,0,0,0,0,0,0,0,0,0,0,0,0
1.505,0,0,0,0,0,0,0,0,0,0,0,0,0
1.506,0,0,0,0,0,0,0,0,0,0,0,0,0
1.507,0,0,0,0,0,0,0,0,0,0,0,0,0
1.508,0,0,0,0,0,0,0,0,0,0,0,0,0
1.509,0,0,0,0,0,0,0,0,0,0,0,0,0
1.51,0,0,0,0,0,0,0,0,0,0,0,0,0
1.511,0,0,0,0,0,0,0,0,0,0,0,0,0
1.512,0,0,0,0,0,0,0,0,0,0,0,0,0
1.513,0,0,0,0,0,0,0,0,0,0,0,0,0
1.514,0,0,0,0,0,0,0,0,0,0,0,0,0
1.515,0,0,0,0,0,0,0,0,0,0,0,0,0
1.516,0,0,0,0,0,0,0,0,0,0,0,0,0
1.517,0,0,0,0,0,0,0,0,0,0,0,0,0
1.518,0,0,0,0,0,0,0,0,0,0,0,0,0
1.519,0,0,0,0,0,0,0,0,0,0,0,0,0
1.52,0,0,0,0,0,0,0,0,0,0,0,0,0
1.521,0,0,0,0,0,0,0,0,0,0,0,0,0
1.522,0,0,0,0,0,0,0,0,0,0,0,0,0
1.523,0,0,0,0,0,0,0,0,0,0,0,0,0
1.524,0,0,0,0,0,0,0,0,0,0,0,0,0
1.525,0,0,0,0,0,0,0,0,0,0,0,0,0
1.526,0,0,0,0,0,0,0,0,0,0,0,0,0
1.527,0,0,0,0,0,0,0,0,0,0,0,0,0
1.528,0,0,0,0,0,0,0,0,0,0,0,0,0
1.529,0,0,0,0,0,0,0,0,0,0,0,0,0
1.53,0,0,0,0,0,0,0,0,0,0,0,0,0
1.531,0,0,0,0,0,0,0,0,0,0,0,0,0
1.532,0,0,0,0,0,0,0,0,0,0,0,0,0
1.533,0,0,0,0,0,0,0,0,0,0,0,0,0
1.534,0,0,0,0,0,0,0,0,0,0,0,0,0
1.535,0,0,0,0,0,0,0,0,0,0,0,0,0
1.536,0,0,0,0,0,0,0,0,0,0,0,0,0
1.537,0,0,0,0,0,0,0,0,0,0,0,0,0
1.538,0,0,0,0,0,0,0,0,0,0,0,0,0
1.539,0,0,0,0,0,0,0,0,0,0,0,0.000006934,0
1.54,0,0,0,0,0,0,0,0,0,0,0,0.000006804,0
1.541,0,0,0,0,0,0,0,0,0,0,0,0.000008224,0
1.542,0,0,0,0,0,0,0,0,0,0,0,0.000028105,0
1.543,0,0,0,0,0,0,0,0,0,0,0,0.00003784,0
1.544,0,0,0,0,0,0,0,0,0,0,0,0.000090746,0
1.545,0,0,0,0,0,0,0,0,0,0,0,0.000147452,0
1.546,0,0,0,0,0,0,0,0,0,0,0,0.000251399,0
1.547,0,0,0,0,0,0,0,0,0,0,0,0.000480203,0
1.548,0,0,0,0,0,0,0,0,0,0,0,0.000569537,0
1.549,0,0,0,0,0,0,0,0,0,0,0,0.000662261,0
1.55,0,0,0,0,0,0,0,0,0,0,0,0.000910566,0
1.551,0,0,0,0,0,0,0,0,0,0,0,0.001166089,0
1.552,0,0,0,0,0,0,0,0,0,0,0,0.001684036,0
1.553,0,0,0,0,0,0,0,0,0,0,0,0.00245816,0
1.554,0,0,0,0,0,0,0,0,0,0,0,0.00356747,0
1.555,0,0,0,0,0,0,0,0,0,0,0,0.005345161,0
1.556,0,0,0,0,0,0,0,0,0,0,0,0.008317784,0
1.557,0,0,0,0,0,0,0,0,0,0,0,0.012628433,0
1.558,0,0,0,0,0,0,0,0,0,0,0,0.018996334,0
1.559,0,0,0,0,0,0,0,0,0,0,0,0.027780618,0
1.56,0,0,0,0,0,0,0,0,0,0,0,0.03958367,0
1.561,0,0,0,0,0,0,0,0,0,0,0,0.054865088,0
1.562,0,0,0,0,0,0,0,0,0,0,0,0.074929768,0
1.563,0,0,0,0,0,0,0,0,0,0,0,0.101069914,0
1.564,0,0,0,0,0,0,0,0,0,0,0,0.135475748,0
1.565,0,0,0,0,0,0,0,0,0,0,0,0.182597282,0
1.566,0,0,0,0,0,0,0,0,0,0,0,0.247275543,0
1.567,0,0,0,0,0,0,0,0,0,0,0,0.330736144,0
1.568,0,0,0,0,0,0,0,0,0,0,0,0.429690906,0
1.569,0,0,0,0,0,0,0,0,0,0,0,0.537634456,0
1.57,0,0,0,0,0,0,0,0,0,0,0,0.647173334,0
1.571,0,0,0,0,0,0,0,0,0,0,0,0.743528409,0
1.572,0,0,0,0,0,0,0,0,0,0,0,0.815215305,0
1.573,0,0,0,0,0,0,0,0,0,0,0,0.859201504,0
1.574,0,0,0,0,0,0,0,0,0,0,0,0.879668577,0
1.575,0,0,0,0,0,0,0,0,0,0,0,0.887029952,0
1.576,0,0,0,0,0,0,0,0,0,0,0,0.889097838,0
1.577,0,0,0,0,0,0,0,0,0,0,0,0.891416958,0
1.578,0,0,0,0,0,0,0,0,0,0,0,0.897586018,0
1.579,0,0,0,0,0,0,0,0,0,0,0,0.90663052,0
1.58,0,0,0,0,0,0,0,0,0,0,0,0.916528056,0
1.581,0,0,0,0,0,0,0,0,0,0,0,0.92657894,0
1.582,0,0,0,0,0,0,0,0,0,0,0,0.935322165,0
1.583,0,0,0,0,0,0,0,0,0,0,0,0.942393561,0
1.584,0,0,0,0,0,0,0,0,0,0,0,0.947506732,0
1.585,0,0,0,0,0,0,0,0,0,0,0,0.951415577,0
1.586,0,0,0,0,0,0,0,0,0,0,0,0.954254286,0
1.587,0,0,0,0,0,0,0,0,0,0,0,0.956429305,0
1.588,0,0,0,0,0,0,0,0,0,0,0,0.958205215,0
1.589,0,0,0,0,0,0,0,0,0,0,0,0.960687866,0
1.59,0,0,0,0,0,0,0,0,0,0,0,0.963480014,0
1.591,0,0,0,0,0,0,0,0,0,0,0,0.965796837,0
1.592,0,0,0,0,0,0,0,0,0,0,0,0.968180454,0
1.593,0,0,0,0,0,0,0,0,0,0,0,0.97101157,0
1.594,0,0,0,0,0,0,0,0,0,0,0,0.973379886,0
1.595,0,0,0,0,0,0,0,0,0,0,0,0.97591493,0
1.596,0,0,0,0,0,0,0,0,0,0,0,0.978581496,0
1.597,0,0,0,0,0,0,0,0,0,0,0,0.979877753,0
1.598,0,0,0,0,0,0,0,0,0,0,0,0.98058868,0
1.599,0,0,0,0,0,0,0,0,0,0,0,0.980912334,0
1.6,0,0,0,0,0,0,0,0,0,0,0,0.981411503,0
1.601,0,0,0,0,0,0,0,0,0,0,0,0.981243863,0
1.602,0,0,0,0,0,0,0,0,0,0,0,0.980705072,0
1.603,0,0,0,0,0,0,0,0,0,0,0,0.980376964,0
1.604,0,0,0,0,0,0,0,0,0,0,0,0.981066319,0
1.605,0,0,0,0,0,0,0,0,0,0,0,0.982735565,0
1.606,0,0,0,0,0,0,0,0,0,0,0,0.985121995,0
1.607,0,0,0,0,0,0,0,0,0,0,0,0.987806954,0
1.608,0,0,0,0,0,0,0,0,0,0,0,0.990375969,0
1.609,0,0,0,0,0,0,0,0,0,0,0,0.992015684,0
1.61,0,0,0,0,0,0,0,0,0,0,0,0.993287985,0
1.611,0,0,0,0,0,0,0,0,0,0,0,0.992536418,0
1.612,0,0,0,0,0,0,0,0,0,0,0,0.990404949,0
1.613,0,0,0,0,0,0,0,0,0,0,0,0.987128016,0
1.614,0,0,0,0,0,0,0,0,0,0,0,0.983502057,0
1.615,0,0,0,0,0,0,0,0,0,0,0,0.980022548,0
1.616,0,0,0,0,0,0,0,0,0,0,0,0.976174463,0
1.617,0,0,0,0,0,0,0,0,0,0,0,0.972568388,0
1.618,0,0,0,0,0,0,0,0,0,0,0,0.969828489,0
1.619,0,0,0,0,0,0,0,0,0,0,0,0.967709002,0
1.62,0,0,0,0,0,0,0,0,0,0,0,0.966371474,0
1.621,0,0,0,0,0,0,0,0,0,0,0,0.965848924,0
1.622,0,0,0,0,0,0,0,0,0,0,0,0.966050474,0
1.623,0,0,0,0,0,0,0,0,0,0,0,0.967426617,0
1.624,0,0,0,0,0,0,0,0,0,0,0,0.969869577,0
1.625,0,0,0,0,0,0,0,0,0,0,0,0.973463419,0
1.626,0,0,0,0,0,0,0,0,0,0,0,0.97868284,0
1.627,0,0,0,0,0,0,0,0,0,0,0,0.983472137,0
1.628,0,0,0,0,0,0,0,0,0,0,0,0.987635453,0
1.629,0,0,0,0,0,0,0,0,0,0,0,0.991875079,0
1.63,0,0,0,0,0,0,0,0,0,0,0,0.995476405,0
1.631,0,0,0,0,0,0,0,0,0,0,0,0.997586172,0
1.632,0,0,0,0,0,0,0,0,0,0,0,0.998568438,0
1.633,0,0,0,0,0,0,0,0,0,0,0,0.999327749,0
1.634,0,0,0,0,0,0,0,0,0,0,0,0.999234469,0
1.635,0,0,0,0,0,0,0,0,0,0,0,0.998803511,0
1.636,0,0,0,0,0,0,0,0,0,0,0,0.999110558,0
1.637,0,0,0,0,0,0,0,0,0,0,0,0.999729529,0
1.638,0,0,0,0,0,0,0,0,0,0,0,0.999744808,0
1.639,0,0,0,0,0,0,0,0,0,0,0,1,0
1.64,0,0,0,0,0,0,0,0,0,0,0,0.999814319,0
1.641,0,0,0,0,0,0,0,0,0,0,0,0.996693294,0
1.642,0,0,0,0,0,0,0,0,0,0,0,0.991619643,0
1.643,0,0,0,0,0,0,0,0,0,0,0,0.985701748,0
1.644,0,0,0,0,0,0,0,0,0,0,0,0.978569228,0
1.645,0,0,0,0,0,0,0,0,0,0,0,0.969902949,0
1.646,0,0,0,0,0,0,0,0,0,0,0,0.960896391,0
1.647,0,0,0,0,0,0,0,0,0,0,0,0.953286699,0
1.648,0,0,0,0,0,0,0,0,0,0,0,0.946546283,0
1.649,0,0,0,0,0,0,0,0,0,0,0,0.941712152,0
1.65,0,0,0,0,0,0,0,0,0,0,0,0.938586421,0
1.651,0,0,0,0,0,0,0,0,0,0,0,0.935489328,0
1.652,0,0,0,0,0,0,0,0,0,0,0,0.928113913,0
1.653,0,0,0,0,0,0,0,0,0,0,0,0.912102443,0
1.654,0,0,0,0,0,0,0,0,0,0,0,0.88059783,0
1.655,0,0,0,0,0,0,0,0,0,0,0,0.824980062,0
1.656,0,0,0,0,0,0,0,0,0,0,0,0.743118017,0
1.657,0,0,0,0,0,0,0,0,0,0,0,0.64189077,0
1.658,0,0,0,0,0,0,0,0,0,0,0,0.534002282,0
1.659,0,0,0,0,0,0,0,0,0,0,0,0.426963072,0
1.66,0,0,0,0,0,0,0,0,0,0,0,0.323709698,0
1.661,0,0,0,0,0,0,0,0,0,0,0,0.234284076,0
1.662,0,0,0,0,0,0,0,0,0,0,0,0.163971597,0
1.663,0,0,0,0,0,0,0,0,0,0,0,0.110210711,0
1.664,0,0,0,0,0,0,0,0,0,0,0,0.072477896,0
1.665,0,0,0,0,0,0,0,0,0,0,0,0.04619413,0
1.666,0,0,0,0,0,0,0,0,0,0,0,0.029400532,0
1.667,0,0,0,0,0,0,0,0,0,0,0,0.019358665,0
1.668,0,0,0,0,0,0,0,0,0,0,0,0.013308246,0
1.669,0,0,0,0,0,0,0,0,0,0,0,0.009316851,0
1.67,0,0,0,0,0,0,0,0,0,0,0,0.006522833,0
1.671,0,0,0,0,0,0,0,0,0,0,0,0.004864189,0
1.672,0,0,0,0,0,0,0,0,0,0,0,0.003409053,0
1.673,0,0,0,0,0,0,0,0,0,0,0,0.002490561,0
1.674,0,0,0,0,0,0,0,0,0,0,0,0.001958315,0
1.675,0,0,0,0,0,0,0,0,0,0,0,0.001422504,0
1.676,0,0,0,0,0,0,0,0,0,0,0,0.001055276,0
1.677,0,0,0,0,0,0,0,0,0,0,0,0.000497731,0
1.678,0,0,0,0,0,0,0,0,0,0,0,0.000227763,0
1.679,0,0,0,0,0,0,0,0,0,0,0,0.00015918,0
1.68,0,0,0,0,0,0,0,0,0,0,0,0.000033942,0
1.681,0,0,0,0,0,0,0,0,0,0,0,0.000044875,0
1.682,0,0,0,0,0,0,0,0,0,0,0,0.000013044,0
1.683,0,0,0,0,0,0,0,0,0,0,0,0,0
1.684,0,0,0,0,0,0,0,0,0,0,0,0,0
1.685,0,0,0,0,0,0,0,0,0,0,0,0,0
1.686,0,0,0,0,0,0,0,0,0,0,0,0,0
1.687,0,0,0,0,0,0,0,0,0,0,0,0,0
1.688,0,0,0,0,0,0,0,0,0,0,0,0,0
1.689,0,0,0,0,0,0,0,0,0,0,0,0,0
1.69,0,0,0,0,0,0,0,0,0,0,0,0,0
1.691,0,0,0,0,0,0,0,0,0,0,0,0,0
1.692,0,0,0,0,0,0,0,0,0,0,0,0,0
1.693,0,0,0,0,0,0,0,0,0,0,0,0,0
1.694,0,0,0,0,0,0,0,0,0,0,0,0,0
1.695,0,0,0,0,0,0,0,0,0,0,0,0,0
1.696,0,0,0,0,0,0,0,0,0,0,0,0,0
1.697,0,0,0,0,0,0,0,0,0,0,0,0,0
1.698,0,0,0,0,0,0,0,0,0,0,0,0,0
1.699,0,0,0,0,0,0,0,0,0,0,0,0,0
1.7,0,0,0,0,0,0,0,0,0,0,0,0,0
1.701,0,0,0,0,0,0,0,0,0,0,0,0,0
1.702,0,0,0,0,0,0,0,0,0,0,0,0,0
1.703,0,0,0,0,0,0,0,0,0,0,0,0,0
1.704,0,0,0,0,0,0,0,0,0,0,0,0,0
1.705,0,0,0,0,0,0,0,0,0,0,0,0,0
1.706,0,0,0,0,0,0,0,0,0,0,0,0,0
1.707,0,0,0,0,0,0,0,0,0,0,0,0,0
1.708,0,0,0,0,0,0,0,0,0,0,0,0,0
1.709,0,0,0,0,0,0,0,0,0,0,0,0,0
1.71,0,0,0,0,0,0,0,0,0,0,0,0,0
1.711,0,0,0,0,0,0,0,0,0,0,0,0,0
1.712,0,0,0,0,0,0,0,0,0,0,0,0,0
1.713,0,0,0,0,0,0,0,0,0,0,0,0,0
1.714,0,0,0,0,0,0,0,0,0,0,0,0,0
1.715,0,0,0,0,0,0,0,0,0,0,0,0,0
1.716,0,0,0,0,0,0,0,0,0,0,0,0,0
1.717,0,0,0,0,0,0,0,0,0,0,0,0,0
1.718,0,0,0,0,0,0,0,0,0,0,0,0,0
1.719,0,0,0,0,0,0,0,0,0,0,0,0,0
1.72,0,0,0,0,0,0,0,0,0,0,0,0,0
1.721,0,0,0,0,0,0,0,0,0,0,0,0,0
1.722,0,0,0,0,0,0,0,0,0,0,0,0,0
1.723,0,0,0,0,0,0,0,0,0,0,0,0,0
1.724,0,0,0,0,0,0,0,0,0,0,0,0,0
1.725,0,0,0,0,0,0,0,0,0,0,0,0,0
1.726,0,0,0,0,0,0,0,0,0,0,0,0,0
1.727,0,0,0,0,0,0,0,0,0,0,0,0,0
1.728,0,0,0,0,0,0,0,0,0,0,0,0,0
1.729,0,0,0,0,0,0,0,0,0,0,0,0,0
1.73,0,0,0,0,0,0,0,0,0,0,0,0,0
1.731,0,0,0,0,0,0,0,0,0,0,0,0,0
1.732,0,0,0,0,0,0,0,0,0,0,0,0,0
1.733,0,0,0,0,0,0,0,0,0,0,0,0,0
1.734,0,0,0,0,0,0,0,0,0,0,0,0,0
1.735,0,0,0,0,0,0,0,0,0,0,0,0,0
1.736,0,0,0,0,0,0,0,0,0,0,0,0,0
1.737,0,0,0,0,0,0,0,0,0,0,0,0,0
1.738,0,0,0,0,0,0,0,0,0,0,0,0,0
1.739,0,0,0,0,0,0,0,0,0,0,0,0,0
1.74,0,0,0,0,0,0,0,0,0,0,0,0,0
1.741,0,0,0,0,0,0,0,0,0,0,0,0,0
1.742,0,0,0,0,0,0,0,0,0,0,0,0,0
1.743,0,0,0,0,0,0,0,0,0,0,0,0,0
1.744,0,0,0,0,0,0,0,0,0,0,0,0,0
1.745,0,0,0,0,0,0,0,0,0,0,0,0,0
1.746,0,0,0,0,0,0,0,0,0,0,0,0,0
1.747,0,0,0,0,0,0,0,0,0,0,0,0,0
1.748,0,0,0,0,0,0,0,0,0,0,0,0,0
1.749,0,0,0,0,0,0,0,0,0,0,0,0,0
1.75,0,0,0,0,0,0,0,0,0,0,0,0,0
1.751,0,0,0,0,0,0,0,0,0,0,0,0,0
1.752,0,0,0,0,0,0,0,0,0,0,0,0,0
1.753,0,0,0,0,0,0,0,0,0,0,0,0,0
1.754,0,0,0,0,0,0,0,0,0,0,0,0,0
1.755,0,0,0,0,0,0,0,0,0,0,0,0,0
1.756,0,0,0,0,0,0,0,0,0,0,0,0,0
1.757,0,0,0,0,0,0,0,0,0,0,0,0,0
1.758,0,0,0,0,0,0,0,0,0,0,0,0,0
1.759,0,0,0,0,0,0,0,0,0,0,0,0,0
1.76,0,0,0,0,0,0,0,0,0,0,0,0,0
1.761,0,0,0,0,0,0,0,0,0,0,0,0,0
1.762,0,0,0,0,0,0,0,0,0,0,0,0,0
1.763,0,0,0,0,0,0,0,0,0,0,0,0,0
1.764,0,0,0,0,0,0,0,0,0,0,0,0,0
1.765,0,0,0,0,0,0,0,0,0,0,0,0,0
1.766,0,0,0,0,0,0,0,0,0,0,0,0,0
1.767,0,0,0,0,0,0,0,0,0,0,0,0,0
1.768,0,0,0,0,0,0,0,0,0,0,0,0,0
1.769,0,0,0,0,0,0,0,0,0,0,0,0,0
1.77,0,0,0,0,0,0,0,0,0,0,0,0,0
1.771,0,0,0,0,0,0,0,0,0,0,0,0,0
1.772,0,0,0,0,0,0,0,0,0,0,0,0,0
1.773,0,0,0,0,0,0,0,0,0,0,0,0,0
1.774,0,0,0,0,0,0,0,0,0,0,0,0,0
1.775,0,0,0,0,0,0,0,0,0,0,0,0,0
1.776,0,0,0,0,0,0,0,0,0,0,0,0,0
1.777,0,0,0,0,0,0,0,0,0,0,0,0,0
1.778,0,0,0,0,0,0,0,0,0,0,0,0,0
1.779,0,0,0,0,0,0,0,0,0,0,0,0,0
1.78,0,0,0,0,0,0,0,0,0,0,0,0,0
1.781,0,0,0,0,0,0,0,0,0,0,0,0,0
1.782,0,0,0,0,0,0,0,0,0,0,0,0,0
1.783,0,0,0,0,0,0,0,0,0,0,0,0,0
1.784,0,0,0,0,0,0,0,0,0,0,0,0,0
1.785,0,0,0,0,0,0,0,0,0,0,0,0,0
1.786,0,0,0,0,0,0,0,0,0,0,0,0,0
1.787,0,0,0,0,0,0,0,0,0,0,0,0,0
1.788,0,0,0,0,0,0,0,0,0,0,0,0,0
1.789,0,0,0,0,0,0,0,0,0,0,0,0,0
1.79,0,0,0,0,0,0,0,0,0,0,0,0,0
1.791,0,0,0,0,0,0,0,0,0,0,0,0,0
1.792,0,0,0,0,0,0,0,0,0,0,0,0,0
1.793,0,0,0,0,0,0,0,0,0,0,0,0,0
1.794,0,0,0,0,0,0,0,0,0,0,0,0,0
1.795,0,0,0,0,0,0,0,0,0,0,0,0,0
1.796,0,0,0,0,0,0,0,0,0,0,0,0,0
1.797,0,0,0,0,0,0,0,0,0,0,0,0,0
1.798,0,0,0,0,0,0,0,0,0,0,0,0,0
1.799,0,0,0,0,0,0,0,0,0,0,0,0,0
1.8,0,0,0,0,0,0,0,0,0,0,0,0,0
1.801,0,0,0,0,0,0,0,0,0,0,0,0,0
1.802,0,0,0,0,0,0,0,0,0,0,0,0,0
1.803,0,0,0,0,0,0,0,0,0,0,0,0,0
1.804,0,0,0,0,0,0,0,0,0,0,0,0,0
1.805,0,0,0,0,0,0,0,0,0,0,0,0,0
1.806,0,0,0,0,0,0,0,0,0,0,0,0,0
1.807,0,0,0,0,0,0,0,0,0,0,0,0,0
1.808,0,0,0,0,0,0,0,0,0,0,0,0,0
1.809,0,0,0,0,0,0,0,0,0,0,0,0,0
1.81,0,0,0,0,0,0,0,0,0,0,0,0,0
1.811,0,0,0,0,0,0,0,0,0,0,0,0,0
1.812,0,0,0,0,0,0,0,0,0,0,0,0,0
1.813,0,0,0,0,0,0,0,0,0,0,0,0,0
1.814,0,0,0,0,0,0,0,0,0,0,0,0,0
1.815,0,0,0,0,0,0,0,0,0,0,0,0,0
1.816,0,0,0,0,0,0,0,0,0,0,0,0,0
1.817,0,0,0,0,0,0,0,0,0,0,0,0,0
1.818,0,0,0,0,0,0,0,0,0,0,0,0,0
1.819,0,0,0,0,0,0,0,0,0,0,0,0,0
1.82,0,0,0,0,0,0,0,0,0,0,0,0,0
1.821,0,0,0,0,0,0,0,0,0,0,0,0,0
1.822,0,0,0,0,0,0,0,0,0,0,0,0,0
1.823,0,0,0,0,0,0,0,0,0,0,0,0,0
1.824,0,0,0,0,0,0,0,0,0,0,0,0,0
1.825,0,0,0,0,0,0,0,0,0,0,0,0,0
1.826,0,0,0,0,0,0,0,0,0,0,0,0,0
1.827,0,0,0,0,0,0,0,0,0,0,0,0,0
1.828,0,0,0,0,0,0,0,0,0,0,0,0,0
1.829,0,0,0,0,0,0,0,0,0,0,0,0,0
1.83,0,0,0,0,0,0,0,0,0,0,0,0,0
1.831,0,0,0,0,0,0,0,0,0,0,0,0,0
1.832,0,0,0,0,0,0,0,0,0,0,0,0,0
1.833,0,0,0,0,0,0,0,0,0,0,0,0,0
1.834,0,0,0,0,0,0,0,0,0,0,0,0,0
1.835,0,0,0,0,0,0,0,0,0,0,0,0,0
1.836,0,0,0,0,0,0,0,0,0,0,0,0,0
1.837,0,0,0,0,0,0,0,0,0,0,0,0,0
1.838,0,0,0,0,0,0,0,0,0,0,0,0,0
1.839,0,0,0,0,0,0,0,0,0,0,0,0,0
1.84,0,0,0,0,0,0,0,0,0,0,0,0,0
1.841,0,0,0,0,0,0,0,0,0,0,0,0,0
1.842,0,0,0,0,0,0,0,0,0,0,0,0,0
1.843,0,0,0,0,0,0,0,0,0,0,0,0,0
1.844,0,0,0,0,0,0,0,0,0,0,0,0,0
1.845,0,0,0,0,0,0,0,0,0,0,0,0,0
1.846,0,0,0,0,0,0,0,0,0,0,0,0,0
1.847,0,0,0,0,0,0,0,0,0,0,0,0,0
1.848,0,0,0,0,0,0,0,0,0,0,0,0,0
1.849,0,0,0,0,0,0,0,0,0,0,0,0,0
1.85,0,0,0,0,0,0,0,0,0,0,0,0,0
1.851,0,0,0,0,0,0,0,0,0,0,0,0,0
1.852,0,0,0,0,0,0,0,0,0,0,0,0,0
1.853,0,0,0,0,0,0,0,0,0,0,0,0,0
1.854,0,0,0,0,0,0,0,0,0,0,0,0,0
1.855,0,0,0,0,0,0,0,0,0,0,0,0,0
1.856,0,0,0,0,0,0,0,0,0,0,0,0,0
1.857,0,0,0,0,0,0,0,0,0,0,0,0,0
1.858,0,0,0,0,0,0,0,0,0,0,0,0,0
1.859,0,0,0,0,0,0,0,0,0,0,0,0,0
1.86,0,0,0,0,0,0,0,0,0,0,0,0,0
1.861,0,0,0,0,0,0,0,0,0,0,0,0,0
1.862,0,0,0,0,0,0,0,0,0,0,0,0,0
1.863,0,0,0,0,0,0,0,0,0,0,0,0,0
1.864,0,0,0,0,0,0,0,0,0,0,0,0,0
1.865,0,0,0,0,0,0,0,0,0,0,0,0,0
1.866,0,0,0,0,0,0,0,0,0,0,0,0,0
1.867,0,0,0,0,0,0,0,0,0,0,0,0,0
1.868,0,0,0,0,0,0,0,0,0,0,0,0,0
1.869,0,0,0,0,0,0,0,0,0,0,0,0,0
1.87,0,0,0,0,0,0,0,0,0,0,0,0,0
1.871,0,0,0,0,0,0,0,0,0,0,0,0,0
1.872,0,0,0,0,0,0,0,0,0,0,0,0,0
1.873,0,0,0,0,0,0,0,0,0,0,0,0,0
1.874,0,0,0,0,0,0,0,0,0,0,0,0,0
1.875,0,0,0,0,0,0,0,0,0,0,0,0,0
1.876,0,0,0,0,0,0,0,0,0,0,0,0,0
1.877,0,0,0,0,0,0,0,0,0,0,0,0,0
1.878,0,0,0,0,0,0,0,0,0,0,0,0,0
1.879,0,0,0,0,0,0,0,0,0,0,0,0,0
1.88,0,0,0,0,0,0,0,0,0,0,0,0,0
1.881,0,0,0,0,0,0,0,0,0,0,0,0,0
1.882,0,0,0,0,0,0,0,0,0,0,0,0,0
1.883,0,0,0,0,0,0,0,0,0,0,0,0,0
1.884,0,0,0,0,0,0,0,0,0,0,0,0,0
1.885,0,0,0,0,0,0,0,0,0,0,0,0,0
1.886,0,0,0,0,0,0,0,0,0,0,0,0,0
1.887,0,0,0,0,0,0,0,0,0,0,0,0,0
1.888,0,0,0,0,0,0,0,0,0,0,0,0,0
1.889,0,0,0,0,0,0,0,0,0,0,0,0,0
1.89,0,0,0,0,0,0,0,0,0,0,0,0,0
1.891,0,0,0,0,0,0,0,0,0,0,0,0,0
1.892,0,0,0,0,0,0,0,0,0,0,0,0,0
1.893,0,0,0,0,0,0,0,0,0,0,0,0,0
1.894,0,0,0,0,0,0,0,0,0,0,0,0,0
1.895,0,0,0,0,0,0,0,0,0,0,0,0,0
1.896,0,0,0,0,0,0,0,0,0,0,0,0,0
1.897,0,0,0,0,0,0,0,0,0,0,0,0,0
1.898,0,0,0,0,0,0,0,0,0,0,0,0,0
1.899,0,0,0,0,0,0,0,0,0,0,0,0,0
1.9,0,0,0,0,0,0,0,0,0,0,0,0,0
1.901,0,0,0,0,0,0,0,0,0,0,0,0,0
1.902,0,0,0,0,0,0,0,0,0,0,0,0,0
1.903,0,0,0,0,0,0,0,0,0,0,0,0,0
1.904,0,0,0,0,0,0,0,0,0,0,0,0,0
1.905,0,0,0,0,0,0,0,0,0,0,0,0,0
1.906,0,0,0,0,0,0,0,0,0,0,0,0,0
1.907,0,0,0,0,0,0,0,0,0,0,0,0,0
1.908,0,0,0,0,0,0,0,0,0,0,0,0,0
1.909,0,0,0,0,0,0,0,0,0,0,0,0,0
1.91,0,0,0,0,0,0,0,0,0,0,0,0,0
1.911,0,0,0,0,0,0,0,0,0,0,0,0,0
1.912,0,0,0,0,0,0,0,0,0,0,0,0,0
1.913,0,0,0,0,0,0,0,0,0,0,0,0,0
1.914,0,0,0,0,0,0,0,0,0,0,0,0,0
1.915,0,0,0,0,0,0,0,0,0,0,0,0,0
1.916,0,0,0,0,0,0,0,0,0,0,0,0,0
1.917,0,0,0,0,0,0,0,0,0,0,0,0,0
1.918,0,0,0,0,0,0,0,0,0,0,0,0,0
1.919,0,0,0,0,0,0,0,0,0,0,0,0,0
1.92,0,0,0,0,0,0,0,0,0,0,0,0,0
1.921,0,0,0,0,0,0,0,0,0,0,0,0,0
1.922,0,0,0,0,0,0,0,0,0,0,0,0,0
1.923,0,0,0,0,0,0,0,0,0,0,0,0,0
1.924,0,0,0,0,0,0,0,0,0,0,0,0,0
1.925,0,0,0,0,0,0,0,0,0,0,0,0,0
1.926,0,0,0,0,0,0,0,0,0,0,0,0,0
1.927,0,0,0,0,0,0,0,0,0,0,0,0,0
1.928,0,0,0,0,0,0,0,0,0,0,0,0,0
1.929,0,0,0,0,0,0,0,0,0,0,0,0,0
1.93,0,0,0,0,0,0,0,0,0,0,0,0,0
1.931,0,0,0,0,0,0,0,0,0,0,0,0,0
1.932,0,0,0,0,0,0,0,0,0,0,0,0,0
1.933,0,0,0,0,0,0,0,0,0,0,0,0,0
1.934,0,0,0,0,0,0,0,0,0,0,0,0,0
1.935,0,0,0,0,0,0,0,0,0,0,0,0,0
1.936,0,0,0,0,0,0,0,0,0,0,0,0,0
1.937,0,0,0,0,0,0,0,0,0,0,0,0,0
1.938,0,0,0,0,0,0,0,0,0,0,0,0,0
1.939,0,0,0,0,0,0,0,0,0,0,0,0,0
1.94,0,0,0,0,0,0,0,0,0,0,0,0,0
1.941,0,0,0,0,0,0,0,0,0,0,0,0,0
1.942,0,0,0,0,0,0,0,0,0,0,0,0,0
1.943,0,0,0,0,0,0,0,0,0,0,0,0,0
1.944,0,0,0,0,0,0,0,0,0,0,0,0,0
1.945,0,0,0,0,0,0,0,0,0,0,0,0,0
1.946,0,0,0,0,0,0,0,0,0,0,0,0,0
1.947,0,0,0,0,0,0,0,0,0,0,0,0,0
1.948,0,0,0,0,0,0,0,0,0,0,0,0,0
1.949,0,0,0,0,0,0,0,0,0,0,0,0,0
1.95,0,0,0,0,0,0,0,0,0,0,0,0,0
1.951,0,0,0,0,0,0,0,0,0,0,0,0,0
1.952,0,0,0,0,0,0,0,0,0,0,0,0,0
1.953,0,0,0,0,0,0,0,0,0,0,0,0,0
1.954,0,0,0,0,0,0,0,0,0,0,0,0,0
1.955,0,0,0,0,0,0,0,0,0,0,0,0,0
1.956,0,0,0,0,0,0,0,0,0,0,0,0,0
1.957,0,0,0,0,0,0,0,0,0,0,0,0,0
1.958,0,0,0,0,0,0,0,0,0,0,0,0,0
1.959,0,0,0,0,0,0,0,0,0,0,0,0,0
1.96,0,0,0,0,0,0,0,0,0,0,0,0,0
1.961,0,0,0,0,0,0,0,0,0,0,0,0,0
1.962,0,0,0,0,0,0,0,0,0,0,0,0,0
1.963,0,0,0,0,0,0,0,0,0,0,0,0,0
1.964,0,0,0,0,0,0,0,0,0,0,0,0,0
1.965,0,0,0,0,0,0,0,0,0,0,0,0,0
1.966,0,0,0,0,0,0,0,0,0,0,0,0,0
1.967,0,0,0,0,0,0,0,0,0,0,0,0,0
1.968,0,0,0,0,0,0,0,0,0,0,0,0,0
1.969,0,0,0,0,0,0,0,0,0,0,0,0,0
1.97,0,0,0,0,0,0,0,0,0,0,0,0,0
1.971,0,0,0,0,0,0,0,0,0,0,0,0,0
1.972,0,0,0,0,0,0,0,0,0,0,0,0,0
1.973,0,0,0,0,0,0,0,0,0,0,0,0,0
1.974,0,0,0,0,0,0,0,0,0,0,0,0,0
1.975,0,0,0,0,0,0,0,0,0,0,0,0,0
1.976,0,0,0,0,0,0,0,0,0,0,0,0,0
1.977,0,0,0,0,0,0,0,0,0,0,0,0,0
1.978,0,0,0,0,0,0,0,0,0,0,0,0,0
1.979,0,0,0,0,0,0,0,0,0,0,0,0,0
1.98,0,0,0,0,0,0,0,0,0,0,0,0,0
1.981,0,0,0,0,0,0,0,0,0,0,0,0,0
1.982,0,0,0,0,0,0,0,0,0,0,0,0,0
1.983,0,0,0,0,0,0,0,0,0,0,0,0,0
1.984,0,0,0,0,0,0,0,0,0,0,0,0,0
1.985,0,0,0,0,0,0,0,0,0,0,0,0,0
1.986,0,0,0,0,0,0,0,0,0,0,0,0,0
1.987,0,0,0,0,0,0,0,0,0,0,0,0,0
1.988,0,0,0,0,0,0,0,0,0,0,0,0,0
1.989,0,0,0,0,0,0,0,0,0,0,0,0,0
1.99,0,0,0,0,0,0,0,0,0,0,0,0,0
1.991,0,0,0,0,0,0,0,0,0,0,0,0,0
1.992,0,0,0,0,0,0,0,0,0,0,0,0,0
1.993,0,0,0,0,0,0,0,0,0,0,0,0,0
1.994,0,0,0,0,0,0,0,0,0,0,0,0,0
1.995,0,0,0,0,0,0,0,0,0,0,0,0,0
1.996,0,0,0,0,0,0,0,0,0,0,0,0,0
1.997,0,0,0,0,0,0,0,0,0,0,0,0,0
1.998,0,0,0,0,0,0,0,0,0,0,0,0,0
1.999,0,0,0,0,0,0,0,0,0,0,0,0,0
2,0,0,0,0,0,0,0,0,0,0,0,0,0
2.001,0,0,0,0,0,0,0,0,0,0,0,0,0
2.002,0,0,0,0,0,0,0,0,0,0,0,0,0
2.003,0,0,0,0,0,0,0,0,0,0,0,0,0
2.004,0,0,0,0,0,0,0,0,0,0,0,0,0
2.005,0,0,0,0,0,0,0,0,0,0,0,0,0
2.006,0,0,0,0,0,0,0,0,0,0,0,0,0
2.007,0,0,0,0,0,0,0,0,0,0,0,0,0
2.008,0,0,0,0,0,0,0,0,0,0,0,0,0
2.009,0,0,0,0,0,0,0,0,0,0,0,0,0
2.01,0,0,0,0,0,0,0,0,0,0,0,0,0
2.011,0,0,0,0,0,0,0,0,0,0,0,0,0
2.012,0,0,0,0,0,0,0,0,0,0,0,0,0
2.013,0,0,0,0,0,0,0,0,0,0,0,0,0
2.014,0,0,0,0,0,0,0,0,0,0,0,0,0
2.015,0,0,0,0,0,0,0,0,0,0,0,0,0
2.016,0,0,0,0,0,0,0,0,0,0,0,0,0
2.017,0,0,0,0,0,0,0,0,0,0,0,0,0
2.018,0,0,0,0,0,0,0,0,0,0,0,0,0
2.019,0,0,0,0,0,0,0,0,0,0,0,0,0
2.02,0,0,0,0,0,0,0,0,0,0,0,0,0
2.021,0,0,0,0,0,0,0,0,0,0,0,0,0
2.022,0,0,0,0,0,0,0,0,0,0,0,0,0
2.023,0,0,0,0,0,0,0,0,0,0,0,0,0
2.024,0,0,0,0,0,0,0,0,0,0,0,0,0
2.025,0,0,0,0,0,0,0,0,0,0,0,0,0
2.026,0,0,0,0,0,0,0,0,0,0,0,0,0
2.027,0,0,0,0,0,0,0,0,0,0,0,0,0
2.028,0,0,0,0,0,0,0,0,0,0,0,0,0
2.029,0,0,0,0,0,0,0,0,0,0,0,0,0
2.03,0,0,0,0,0,0,0,0,0,0,0,0,0
2.031,0,0,0,0,0,0,0,0,0,0,0,0,0
2.032,0,0,0,0,0,0,0,0,0,0,0,0,0
2.033,0,0,0,0,0,0,0,0,0,0,0,0,0
2.034,0,0,0,0,0,0,0,0,0,0,0,0,0
2.035,0,0,0,0,0,0,0,0,0,0,0,0,0
2.036,0,0,0,0,0,0,0,0,0,0,0,0,0
2.037,0,0,0,0,0,0,0,0,0,0,0,0,0
2.038,0,0,0,0,0,0,0,0,0,0,0,0,0
2.039,0,0,0,0,0,0,0,0,0,0,0,0,0
2.04,0,0,0,0,0,0,0,0,0,0,0,0,0
2.041,0,0,0,0,0,0,0,0,0,0,0,0,0
2.042,0,0,0,0,0,0,0,0,0,0,0,0,0
2.043,0,0,0,0,0,0,0,0,0,0,0,0,0
2.044,0,0,0,0,0,0,0,0,0,0,0,0,0
2.045,0,0,0,0,0,0,0,0,0,0,0,0,0
2.046,0,0,0,0,0,0,0,0,0,0,0,0,0
2.047,0,0,0,0,0,0,0,0,0,0,0,0,0
2.048,0,0,0,0,0,0,0,0,0,0,0,0,0
2.049,0,0,0,0,0,0,0,0,0,0,0,0,0
2.05,0,0,0,0,0,0,0,0,0,0,0,0,0
2.051,0,0,0,0,0,0,0,0,0,0,0,0,0
2.052,0,0,0,0,0,0,0,0,0,0,0,0,0
2.053,0,0,0,0,0,0,0,0,0,0,0,0,0
2.054,0,0,0,0,0,0,0,0,0,0,0,0,0
2.055,0,0,0,0,0,0,0,0,0,0,0,0,0
2.056,0,0,0,0,0,0,0,0,0,0,0,0,0
2.057,0,0,0,0,0,0,0,0,0,0,0,0,0
2.058,0,0,0,0,0,0,0,0,0,0,0,0,0
2.059,0,0,0,0,0,0,0,0,0,0,0,0,0
2.06,0,0,0,0,0,0,0,0,0,0,0,0,0
2.061,0,0,0,0,0,0,0,0,0,0,0,0,0
2.062,0,0,0,0,0,0,0,0,0,0,0,0,0
2.063,0,0,0,0,0,0,0,0,0,0,0,0,0
2.064,0,0,0,0,0,0,0,0,0,0,0,0,0
2.065,0,0,0,0,0,0,0,0,0,0,0,0,0
2.066,0,0,0,0,0,0,0,0,0,0,0,0,0
2.067,0,0,0,0,0,0,0,0,0,0,0,0,0
2.068,0,0,0,0,0,0,0,0,0,0,0,0,0
2.069,0,0,0,0,0,0,0,0,0,0,0,0,0
2.07,0,0,0,0,0,0,0,0,0,0,0,0,0
2.071,0,0,0,0,0,0,0,0,0,0,0,0,0
2.072,0,0,0,0,0,0,0,0,0,0,0,0,0
2.073,0,0,0,0,0,0,0,0,0,0,0,0,0
2.074,0,0,0,0,0,0,0,0,0,0,0,0,0
2.075,0,0,0,0,0,0,0,0,0,0,0,0,0
2.076,0,0,0,0,0,0,0,0,0,0,0,0,0
2.077,0,0,0,0,0,0,0,0,0,0,0,0,0
2.078,0,0,0,0,0,0,0,0,0,0,0,0,0.000639264
2.079,0,0,0,0,0,0,0,0,0,0,0,0,0.001022905
2.08,0,0,0,0,0,0,0,0,0,0,0,0,0.002884721
2.081,0,0,0,0,0,0,0,0,0,0,0,0,0.003997454
2.082,0,0,0,0,0,0,0,0,0,0,0,0,0.006597118
2.083,0,0,0,0,0,0,0,0,0,0,0,0,0.007659826
2.084,0,0,0,0,0,0,0,0,0,0,0,0,0.00800413
2.085,0,0,0,0,0,0,0,0,0,0,0,0,0.008539692
2.086,0,0,0,0,0,0,0,0,0,0,0,0,0.009300309
2.087,0,0,0,0,0,0,0,0,0,0,0,0,0.010001938
2.088,0,0,0,0,0,0,0,0,0,0,0,0,0.010972178
2.089,0,0,0,0,0,0,0,0,0,0,0,0,0.012089456
2.09,0,0,0,0,0,0,0,0,0,0,0,0,0.013364144
2.091,0,0,0,0,0,0,0,0,0,0,0,0,0.015017309
2.092,0,0,0,0,0,0,0,0,0,0,0,0,0.01712566
2.093,0,0,0,0,0,0,0,0,0,0,0,0,0.01978032
2.094,0,0,0,0,0,0,0,0,0,0,0,0,0.023335884
2.095,0,0,0,0,0,0,0,0,0,0,0,0,0.027667597
2.096,0,0,0,0,0,0,0,0,0,0,0,0,0.033215941
2.097,0,0,0,0,0,0,0,0,0,0,0,0,0.040217377
2.098,0,0,0,0,0,0,0,0,0,0,0,0,0.048882662
2.099,0,0,0,0,0,0,0,0,0,0,0,0,0.059642173
2.1,0,0,0,0,0,0,0,0,0,0,0,0,0.073175151
2.101,0,0,0,0,0,0,0,0,0,0,0,0,0.090534716
2.102,0,0,0,0,0,0,0,0,0,0,0,0,0.111470124
2.103,0,0,0,0,0,0,0,0,0,0,0,0,0.13690299
2.104,0,0,0,0,0,0,0,0,0,0,0,0,0.167810536
2.105,0,0,0,0,0,0,0,0,0,0,0,0,0.203460906
2.106,0,0,0,0,0,0,0,0,0,0,0,0,0.242871255
2.107,0,0,0,0,0,0,0,0,0,0,0,0,0.284898317
2.108,0,0,0,0,0,0,0,0,0,0,0,0,0.327177957
2.109,0,0,0,0,0,0,0,0,0,0,0,0,0.36840376
2.11,0,0,0,0,0,0,0,0,0,0,0,0,0.40800276
2.111,0,0,0,0,0,0,0,0,0,0,0,0,0.444778149
2.112,0,0,0,0,0,0,0,0,0,0,0,0,0.476537405
2.113,0,0,0,0,0,0,0,0,0,0,0,0,0.503106894
2.114,0,0,0,0,0,0,0,0,0,0,0,0,0.525317548
2.115,0,0,0,0,0,0,0,0,0,0,0,0,0.543351996
2.116,0,0,0,0,0,0,0,0,0,0,0,0,0.557252862
2.117,0,0,0,0,0,0,0,0,0,0,0,0,0.568634197
2.118,0,0,0,0,0,0,0,0,0,0,0,0,0.579029932
2.119,0,0,0,0,0,0,0,0,0,0,0,0,0.588683995
2.12,0,0,0,0,0,0,0,0,0,0,0,0,0.59889121
2.121,0,0,0,0,0,0,0,0,0,0,0,0,0.609981083
2.122,0,0,0,0,0,0,0,0,0,0,0,0,0.621362162
2.123,0,0,0,0,0,0,0,0,0,0,0,0,0.634282516
2.124,0,0,0,0,0,0,0,0,0,0,0,0,0.64854644
2.125,0,0,0,0,0,0,0,0,0,0,0,0,0.663707315
2.126,0,0,0,0,0,0,0,0,0,0,0,0,0.680046291
2.127,0,0,0,0,0,0,0,0,0,0,0,0,0.696164765
2.128,0,0,0,0,0,0,0,0,0,0,0,0,0.711964139
2.129,0,0,0,0,0,0,0,0,0,0,0,0,0.727011081
2.13,0,0,0,0,0,0,0,0,0,0,0,0,0.741301118
2.131,0,0,0,0,0,0,0,0,0,0,0,0,0.757405387
2.132,0,0,0,0,0,0,0,0,0,0,0,0,0.772070514
2.133,0,0,0,0,0,0,0,0,0,0,0,0,0.78558074
2.134,0,0,0,0,0,0,0,0,0,0,0,0,0.798238093
2.135,0,0,0,0,0,0,0,0,0,0,0,0,0.809677071
2.136,0,0,0,0,0,0,0,0,0,0,0,0,0.819701739
2.137,0,0,0,0,0,0,0,0,0,0,0,0,0.82859933
2.138,0,0,0,0,0,0,0,0,0,0,0,0,0.836721896
2.139,0,0,0,0,0,0,0,0,0,0,0,0,0.844443431
2.14,0,0,0,0,0,0,0,0,0,0,0,0,0.851107219
2.141,0,0,0,0,0,0,0,0,0,0,0,0,0.853252319
2.142,0,0,0,0,0,0,0,0,0,0,0,0,0.854746271
2.143,0,0,0,0,0,0,0,0,0,0,0,0,0.85617419
2.144,0,0,0,0,0,0,0,0,0,0,0,0,0.857820928
2.145,0,0,0,0,0,0,0,0,0,0,0,0,0.859531818
2.146,0,0,0,0,0,0,0,0,0,0,0,0,0.861459829
2.147,0,0,0,0,0,0,0,0,0,0,0,0,0.863256985
2.148,0,0,0,0,0,0,0,0,0,0,0,0,0.865138808
2.149,0,0,0,0,0,0,0,0,0,0,0,0,0.867319035
2.15,0,0,0,0,0,0,0,0,0,0,0,0,0.869696339
2.151,0,0,0,0,0,0,0,0,0,0,0,0,0.874301992
2.152,0,0,0,0,0,0,0,0,0,0,0,0,0.878588437
2.153,0,0,0,0,0,0,0,0,0,0,0,0,0.882438825
2.154,0,0,0,0,0,0,0,0,0,0,0,0,0.885928758
2.155,0,0,0,0,0,0,0,0,0,0,0,0,0.889473121
2.156,0,0,0,0,0,0,0,0,0,0,0,0,0.89322574
2.157,0,0,0,0,0,0,0,0,0,0,0,0,0.896696495
2.158,0,0,0,0,0,0,0,0,0,0,0,0,0.899896619
2.159,0,0,0,0,0,0,0,0,0,0,0,0,0.902596288
2.16,0,0,0,0,0,0,0,0,0,0,0,0,0.90483074
2.161,0,0,0,0,0,0,0,0,0,0,0,0,0.905524618
2.162,0,0,0,0,0,0,0,0,0,0,0,0,0.905665281
2.163,0,0,0,0,0,0,0,0,0,0,0,0,0.905502587
2.164,0,0,0,0,0,0,0,0,0,0,0,0,0.905157893
2.165,0,0,0,0,0,0,0,0,0,0,0,0,0.904782854
2.166,0,0,0,0,0,0,0,0,0,0,0,0,0.90408183
2.167,0,0,0,0,0,0,0,0,0,0,0,0,0.903347495
2.168,0,0,0,0,0,0,0,0,0,0,0,0,0.902760831
2.169,0,0,0,0,0,0,0,0,0,0,0,0,0.902377006
2.17,0,0,0,0,0,0,0,0,0,0,0,0,0.901982966
2.171,0,0,0,0,0,0,0,0,0,0,0,0,0.903423562
2.172,0,0,0,0,0,0,0,0,0,0,0,0,0.904312941
2.173,0,0,0,0,0,0,0,0,0,0,0,0,0.905315323
2.174,0,0,0,0,0,0,0,0,0,0,0,0,0.906446178
2.175,0,0,0,0,0,0,0,0,0,0,0,0,0.90809207
2.176,0,0,0,0,0,0,0,0,0,0,0,0,0.910123185
2.177,0,0,0,0,0,0,0,0,0,0,0,0,0.912949979
2.178,0,0,0,0,0,0,0,0,0,0,0,0,0.915584774
2.179,0,0,0,0,0,0,0,0,0,0,0,0,0.918444254
2.18,0,0,0,0,0,0,0,0,0,0,0,0,0.921302412
2.181,0,0,0,0,0,0,0,0,0,0,0,0,0.924337167
2.182,0,0,0,0,0,0,0,0,0,0,0,0,0.927218563
2.183,0,0,0,0,0,0,0,0,0,0,0,0,0.929740263
2.184,0,0,0,0,0,0,0,0,0,0,0,0,0.931921865
2.185,0,0,0,0,0,0,0,0,0,0,0,0,0.934142166
2.186,0,0,0,0,0,0,0,0,0,0,0,0,0.935906112
2.187,0,0,0,0,0,0,0,0,0,0,0,0,0.937086137
2.188,0,0,0,0,0,0,0,0,0,0,0,0,0.937641167
2.189,0,0,0,0,0,0,0,0,0,0,0,0,0.938301157
2.19,0,0,0,0,0,0,0,0,0,0,0,0,0.937652085
2.191,0,0,0,0,0,0,0,0,0,0,0,0,0.940440758
2.192,0,0,0,0,0,0,0,0,0,0,0,0,0.942517533
2.193,0,0,0,0,0,0,0,0,0,0,0,0,0.943259037
2.194,0,0,0,0,0,0,0,0,0,0,0,0,0.943031026
2.195,0,0,0,0,0,0,0,0,0,0,0,0,0.942117106
2.196,0,0,0,0,0,0,0,0,0,0,0,0,0.940631648
2.197,0,0,0,0,0,0,0,0,0,0,0,0,0.938427922
2.198,0,0,0,0,0,0,0,0,0,0,0,0,0.936660033
2.199,0,0,0,0,0,0,0,0,0,0,0,0,0.935256327
2.2,0,0,0,0,0,0,0,0,0,0,0,0,0.933022239
2.201,0,0,0,0,0,0,0,0,0,0,0,0,0.926879998
2.202,0,0,0,0,0,0,0,0,0,0,0,0,0.921056996
2.203,0,0,0,0,0,0,0,0,0,0,0,0,0.915482617
2.204,0,0,0,0,0,0,0,0,0,0,0,0,0.911020114
2.205,0,0,0,0,0,0,0,0,0,0,0,0,0.908292872
2.206,0,0,0,0,0,0,0,0,0,0,0,0,0.907283492
2.207,0,0,0,0,0,0,0,0,0,0,0,0,0.90819092
2.208,0,0,0,0,0,0,0,0,0,0,0,0,0.911168883
2.209,0,0,0,0,0,0,0,0,0,0,0,0,0.916188526
2.21,0,0,0,0,0,0,0,0,0,0,0,0,0.922854635
2.211,0,0,0,0,0,0,0,0,0,0,0,0,0.920605167
2.212,0,0,0,0,0,0,0,0,0,0,0,0,0.919482312
2.213,0,0,0,0,0,0,0,0,0,0,0,0,0.919489205
2.214,0,0,0,0,0,0,0,0,0,0,0,0,0.921276392
2.215,0,0,0,0,0,0,0,0,0,0,0,0,0.924526038
2.216,0,0,0,0,0,0,0,0,0,0,0,0,0.927732919
2.217,0,0,0,0,0,0,0,0,0,0,0,0,0.931974489
2.218,0,0,0,0,0,0,0,0,0,0,0,0,0.936769555
2.219,0,0,0,0,0,0,0,0,0,0,0,0,0.941482728
2.22,0,0,0,0,0,0,0,0,0,0,0,0,0.946801994
2.221,0,0,0,0,0,0,0,0,0,0,0,0,0.951202607
2.222,0,0,0,0,0,0,0,0,0,0,0,0,0.954436663
2.223,0,0,0,0,0,0,0,0,0,0,0,0,0.957046915
2.224,0,0,0,0,0,0,0,0,0,0,0,0,0.959729173
2.225,0,0,0,0,0,0,0,0,0,0,0,0,0.962538601
2.226,0,0,0,0,0,0,0,0,0,0,0,0,0.964857726
2.227,0,0,0,0,0,0,0,0,0,0,0,0,0.966042031
2.228,0,0,0,0,0,0,0,0,0,0,0,0,0.966647037
2.229,0,0,0,0,0,0,0,0,0,0,0,0,0.966309991
2.23,0,0,0,0,0,0,0,0,0,0,0,0,0.965460063
2.231,0,0,0,0,0,0,0,0,0,0,0,0,0.964841278
2.232,0,0,0,0,0,0,0,0,0,0,0,0,0.963655749
2.233,0,0,0,0,0,0,0,0,0,0,0,0,0.961698492
2.234,0,0,0,0,0,0,0,0,0,0,0,0,0.959453949
2.235,0,0,0,0,0,0,0,0,0,0,0,0,0.957327053
2.236,0,0,0,0,0,0,0,0,0,0,0,0,0.955140475
2.237,0,0,0,0,0,0,0,0,0,0,0,0,0.953558145
2.238,0,0,0,0,0,0,0,0,0,0,0,0,0.95273179
2.239,0,0,0,0,0,0,0,0,0,0,0,0,0.952180853
2.24,0,0,0,0,0,0,0,0,0,0,0,0,0.951730689
2.241,0,0,0,0,0,0,0,0,0,0,0,0,0.952145994
2.242,0,0,0,0,0,0,0,0,0,0,0,0,0.952641408
2.243,0,0,0,0,0,0,0,0,0,0,0,0,0.954056643
2.244,0,0,0,0,0,0,0,0,0,0,0,0,0.957078482
2.245,0,0,0,0,0,0,0,0,0,0,0,0,0.960638803
2.246,0,0,0,0,0,0,0,0,0,0,0,0,0.964221982
2.247,0,0,0,0,0,0,0,0,0,0,0,0,0.968307493
2.248,0,0,0,0,0,0,0,0,0,0,0,0,0.972691041
2.249,0,0,0,0,0,0,0,0,0,0,0,0,0.97742349
2.25,0,0,0,0,0,0,0,0,0,0,0,0,0.982898416
2.251,0,0,0,0,0,0,0,0,0,0,0,0,0.98714443
2.252,0,0,0,0,0,0,0,0,0,0,0,0,0.990734152
2.253,0,0,0,0,0,0,0,0,0,0,0,0,0.993982826
2.254,0,0,0,0,0,0,0,0,0,0,0,0,0.996786808
2.255,0,0,0,0,0,0,0,0,0,0,0,0,0.998752904
2.256,0,0,0,0,0,0,0,0,0,0,0,0,1
2.257,0,0,0,0,0,0,0,0,0,0,0,0,0.999927455
2.258,0,0,0,0,0,0,0,0,0,0,0,0,0.999151921
2.259,0,0,0,0,0,0,0,0,0,0,0,0,0.997129452
2.26,0,0,0,0,0,0,0,0,0,0,0,0,0.993883695
2.261,0,0,0,0,0,0,0,0,0,0,0,0,0.989685968
2.262,0,0,0,0,0,0,0,0,0,0,0,0,0.983735405
2.263,0,0,0,0,0,0,0,0,0,0,0,0,0.976212761
2.264,0,0,0,0,0,0,0,0,0,0,0,0,0.967813199
2.265,0,0,0,0,0,0,0,0,0,0,0,0,0.958342887
2.266,0,0,0,0,0,0,0,0,0,0,0,0,0.948440151
2.267,0,0,0,0,0,0,0,0,0,0,0,0,0.9382028
2.268,0,0,0,0,0,0,0,0,0,0,0,0,0.927724853
2.269,0,0,0,0,0,0,0,0,0,0,0,0,0.917038819
2.27,0,0,0,0,0,0,0,0,0,0,0,0,0.905999348
2.271,0,0,0,0,0,0,0,0,0,0,0,0,0.893868367
2.272,0,0,0,0,0,0,0,0,0,0,0,0,0.881682515
2.273,0,0,0,0,0,0,0,0,0,0,0,0,0.86864716
2.274,0,0,0,0,0,0,0,0,0,0,0,0,0.854635458
2.275,0,0,0,0,0,0,0,0,0,0,0,0,0.840619936
2.276,0,0,0,0,0,0,0,0,0,0,0,0,0.826015692
2.277,0,0,0,0,0,0,0,0,0,0,0,0,0.809516209
2.278,0,0,0,0,0,0,0,0,0,0,0,0,0.791866591
2.279,0,0,0,0,0,0,0,0,0,0,0,0,0.772443017
2.28,0,0,0,0,0,0,0,0,0,0,0,0,0.749106638
2.281,0,0,0,0,0,0,0,0,0,0,0,0,0.720345599
2.282,0,0,0,0,0,0,0,0,0,0,0,0,0.688185271
2.283,0,0,0,0,0,0,0,0,0,0,0,0,0.651282733
2.284,0,0,0,0,0,0,0,0,0,0,0,0,0.610049759
2.285,0,0,0,0,0,0,0,0,0,0,0,0,0.56603087
2.286,0,0,0,0,0,0,0,0,0,0,0,0,0.520969977
2.287,0,0,0,0,0,0,0,0,0,0,0,0,0.474659094
2.288,0,0,0,0,0,0,0,0,0,0,0,0,0.429259293
2.289,0,0,0,0,0,0,0,0,0,0,0,0,0.38585714
2.29,0,0,0,0,0,0,0,0,0,0,0,0,0.342091763
2.291,0,0,0,0,0,0,0,0,0,0,0,0,0.300680041
2.292,0,0,0,0,0,0,0,0,0,0,0,0,0.263176181
2.293,0,0,0,0,0,0,0,0,0,0,0,0,0.227703987
2.294,0,0,0,0,0,0,0,0,0,0,0,0,0.195720706
2.295,0,0,0,0,0,0,0,0,0,0,0,0,0.168090024
2.296,0,0,0,0,0,0,0,0,0,0,0,0,0.144679716
2.297,0,0,0,0,0,0,0,0,0,0,0,0,0.124830647
2.298,0,0,0,0,0,0,0,0,0,0,0,0,0.108237331
2.299,0,0,0,0,0,0,0,0,0,0,0,0,0.09440058
2.3,0,0,0,0,0,0,0,0,0,0,0,0,0.082363039
2.301,0,0,0,0,0,0,0,0,0,0,0,0,0.071500068
2.302,0,0,0,0,0,0,0,0,0,0,0,0,0.062690603
2.303,0,0,0,0,0,0,0,0,0,0,0,0,0.054985448
2.304,0,0,0,0,0,0,0,0,0,0,0,0,0.048194534
2.305,0,0,0,0,0,0,0,0,0,0,0,0,0.042864117
2.306,0,0,0,0,0,0,0,0,0,0,0,0,0.038598228
2.307,0,0,0,0,0,0,0,0,0,0,0,0,0.034947252
2.308,0,0,0,0,0,0,0,0,0,0,0,0,0.031998848
2.309,0,0,0,0,0,0,0,0,0,0,0,0,0.029587869
2.31,0,0,0,0,0,0,0,0,0,0,0,0,0.027418116
2.311,0,0,0,0,0,0,0,0,0,0,0,0,0.025576973
2.312,0,0,0,0,0,0,0,0,0,0,0,0,0.023959421
2.313,0,0,0,0,0,0,0,0,0,0,0,0,0.021671692
2.314,0,0,0,0,0,0,0,0,0,0,0,0,0.019147972
2.315,0,0,0,0,0,0,0,0,0,0,0,0,0.016331132
2.316,0,0,0,0,0,0,0,0,0,0,0,0,0.010988591
2.317,0,0,0,0,0,0,0,0,0,0,0,0,0.007378602
2.318,0,0,0,0,0,0,0,0,0,0,0,0,0.006510601
2.319,0,0,0,0,0,0,0,0,0,0,0,0,0.004709556
2.32,0,0,0,0,0,0,0,0,0,0,0,0,0.002065107
2.321,0,0,0,0,0,0,0,0,0,0,0,0,0
2.322,0,0,0,0,0,0,0,0,0,0,0,0,0
2.323,0,0,0,0,0,0,0,0,0,0,0,0,0
2.324,0,0,0,0,0,0,0,0,0,0,0,0,0
2.325,0,0,0,0,0,0,0,0,0,0,0,0,0
2.326,0,0,0,0,0,0,0,0,0,0,0,0,0
2.327,0,0,0,0,0,0,0,0,0,0,0,0,0
2.328,0,0,0,0,0,0,0,0,0,0,0,0,0
2.329,0,0,0,0,0,0,0,0,0,0,0,0,0
2.33,0,0,0,0,0,0,0,0,0,0,0,0,0
2.331,0,0,0,0,0,0,0,0,0,0,0,0,0
2.332,0,0,0,0,0,0,0,0,0,0,0,0,0
2.333,0,0,0,0,0,0,0,0,0,0,0,0,0
2.334,0,0,0,0,0,0,0,0,0,0,0,0,0
2.335,0,0,0,0,0,0,0,0,0,0,0,0,0
2.336,0,0,0,0,0,0,0,0,0,0,0,0,0
2.337,0,0,0,0,0,0,0,0,0,0,0,0,0
2.338,0,0,0,0,0,0,0,0,0,0,0,0,0
2.339,0,0,0,0,0,0,0,0,0,0,0,0,0
2.34,0,0,0,0,0,0,0,0,0,0,0,0,0
2.341,0,0,0,0,0,0,0,0,0,0,0,0,0
2.342,0,0,0,0,0,0,0,0,0,0,0,0,0
2.343,0,0,0,0,0,0,0,0,0,0,0,0,0
2.344,0,0,0,0,0,0,0,0,0,0,0,0,0
2.345,0,0,0,0,0,0,0,0,0,0,0,0,0
2.346,0,0,0,0,0,0,0,0,0,0,0,0,0
2.347,0,0,0,0,0,0,0,0,0,0,0,0,0
2.348,0,0,0,0,0,0,0,0,0,0,0,0,0
2.349,0,0,0,0,0,0,0,0,0,0,0,0,0
2.35,0,0,0,0,0,0,0,0,0,0,0,0,0
2.351,0,0,0,0,0,0,0,0,0,0,0,0,0
2.352,0,0,0,0,0,0,0,0,0,0,0,0,0
2.353,0,0,0,0,0,0,0,0,0,0,0,0,0
2.354,0,0,0,0,0,0,0,0,0,0,0,0,0
2.355,0,0,0,0,0,0,0,0,0,0,0,0,0
2.356,0,0,0,0,0,0,0,0,0,0,0,0,0
2.357,0,0,0,0,0,0,0,0,0,0,0,0,0
2.358,0,0,0,0,0,0,0,0,0,0,0,0,0
2.359,0,0,0,0,0,0,0,0,0,0,0,0,0
2.36,0,0,0,0,0,0,0,0,0,0,0,0,0
2.361,0,0,0,0,0,0,0,0,0,0,0,0,0
2.362,0,0,0,0,0,0,0,0,0,0,0,0,0
2.363,0,0,0,0,0,0,0,0,0,0,0,0,0
2.364,0,0,0,0,0,0,0,0,0,0,0,0,0
2.365,0,0,0,0,0,0,0,0,0,0,0,0,0
2.366,0,0,0,0,0,0,0,0,0,0,0,0,0
2.367,0,0,0,0,0,0,0,0,0,0,0,0,0
2.368,0,0,0,0,0,0,0,0,0,0,0,0,0
2.369,0,0,0,0,0,0,0,0,0,0,0,0,0
2.37,0,0,0,0,0,0,0,0,0,0,0,0,0
2.371,0,0,0,0,0,0,0,0,0,0,0,0,0
2.372,0,0,0,0,0,0,0,0,0,0,0,0,0
2.373,0,0,0,0,0,0,0,0,0,0,0,0,0
2.374,0,0,0,0,0,0,0,0,0,0,0,0,0
2.375,0,0,0,0,0,0,0,0,0,0,0,0,0
2.376,0,0,0,0,0,0,0,0,0,0,0,0,0
2.377,0,0,0,0,0,0,0,0,0,0,0,0,0
2.378,0,0,0,0,0,0,0,0,0,0,0,0,0
2.379,0,0,0,0,0,0,0,0,0,0,0,0,0
2.38,0,0,0,0,0,0,0,0,0,0,0,0,0
2.381,0,0,0,0,0,0,0,0,0,0,0,0,0
2.382,0,0,0,0,0,0,0,0,0,0,0,0,0
2.383,0,0,0,0,0,0,0,0,0,0,0,0,0
2.384,0,0,0,0,0,0,0,0,0,0,0,0,0
2.385,0,0,0,0,0,0,0,0,0,0,0,0,0
2.386,0,0,0,0,0,0,0,0,0,0,0,0,0
2.387,0,0,0,0,0,0,0,0,0,0,0,0,0
2.388,0,0,0,0,0,0,0,0,0,0,0,0,0
2.389,0,0,0,0,0,0,0,0,0,0,0,0,0
2.39,0,0,0,0,0,0,0,0,0,0,0,0,0
2.391,0,0,0,0,0,0,0,0,0,0,0,0,0
2.392,0,0,0,0,0,0,0,0,0,0,0,0,0
2.393,0,0,0,0,0,0,0,0,0,0,0,0,0
2.394,0,0,0,0,0,0,0,0,0,0,0,0,0
2.395,0,0,0,0,0,0,0,0,0,0,0,0,0
2.396,0,0,0,0,0,0,0,0,0,0,0,0,0
2.397,0,0,0,0,0,0,0,0,0,0,0,0,0
2.398,0,0,0,0,0,0,0,0,0,0,0,0,0
2.399,0,0,0,0,0,0,0,0,0,0,0,0,0
2.4,0,0,0,0,0,0,0,0,0,0,0,0,0
