wavelength,BLUE,GREEN,RED,NIR,SWIR1,SWIR2
0.41,0,0,0,0,0,0
0.411,0,0,0,0,0,0
0.412,0,0,0,0,0,0
0.413,0,0,0,0,0,0
0.414,0,0,0,0,0,0
0.415,0,0,0,0,0,0
0.416,0,0,0,0,0,0
0.417,0,0,0,0,0,0
0.418,0,0,0,0,0,0
0.419,3.20E-04,0,0,0,0,0
0.42,7.50E-04,0,0,0,0,0
0.421,8.00E-04,0,0,0,0,0
0.422,8.40E-04,0,0,0,0,0
0.423,9.00E-04,0,0,0,0,0
0.424,9.50E-04,0,0,0,0,0
0.425,1.14E-03,0,0,0,0,0
0.426,1.43E-03,0,0,0,0,0
0.427,1.78E-03,0,0,0,0,0
0.428,2.14E-03,0,0,0,0,0
0.429,2.48E-03,0,0,0,0,0
0.43,3.37E-03,0,0,0,0,0
0.431,5.01E-03,0,0,0,0,0
0.432,7.17E-03,0,0,0,0,0
0.433,9.82E-03,0,0,0,0,0
0.434,1.26E-02,0,0,0,0,0
0.435,1.54E-02,0,0,0,0,0
0.436,1.91E-02,0,0,0,0,0
0.437,2.39E-02,0,0,0,0,0
0.438,2.92E-02,0,0,0,0,0
0.439,3.43E-02,0,0,0,0,0
0.44,3.93E-02,0,0,0,0,0
0.441,4.43E-02,0,0,0,0,0
0.442,4.95E-02,0,0,0,0,0
0.443,5.48E-02,0,0,0,0,0
0.444,6.02E-02,0,0,0,0,0
0.445,6.84E-02,0,0,0,0,0
0.446,9.04E-02,0,0,0,0,0
0.447,1.31E-01,0,0,0,0,0
0.448,1.98E-01,0,0,0,0,0
0.449,2.89E-01,0,0,0,0,0
0.45,3.69E-01,0,0,0,0,0
0.451,4.37E-01,0,0,0,0,0
0.452,5.02E-01,0,0,0,0,0
0.453,5.59E-01,0,0,0,0,0
0.454,6.22E-01,0,0,0,0,0
0.455,6.76E-01,0,0,0,0,0
0.456,6.93E-01,0,0,0,0,0
0.457,7.04E-01,0,0,0,0,0
0.458,7.13E-01,0,0,0,0,0
0.459,7.18E-01,0,0,0,0,0
0.46,7.26E-01,0,0,0,0,0
0.461,7.39E-01,0,0,0,0,0
0.462,7.52E-01,0,0,0,0,0
0.463,7.64E-01,0,0,0,0,0
0.464,7.77E-01,0,0,0,0,0
0.465,7.88E-01,0,0,0,0,0
0.466,7.96E-01,0,0,0,0,0
0.467,8.04E-01,0,0,0,0,0
0.468,8.11E-01,0,0,0,0,0
0.469,8.18E-01,0,0,0,0,0
0.47,8.23E-01,0,0,0,0,0
0.471,8.28E-01,0,0,0,0,0
0.472,8.33E-01,0,0,0,0,0
0.473,8.39E-01,0,0,0,0,0
0.474,8.47E-01,0,0,0,0,0
0.475,8.58E-01,0,0,0,0,0
0.476,8.68E-01,0,0,0,0,0
0.477,8.77E-01,0,0,0,0,0
0.478,8.87E-01,0,0,0,0,0
0.479,8.97E-01,0,0,0,0,0
0.48,9.05E-01,0,0,0,0,0
0.481,9.09E-01,0,0,0,0,0
0.482,9.13E-01,0,0,0,0,0
0.483,9.17E-01,0,0,0,0,0
0.484,9.21E-01,0,0,0,0,0
0.485,9.26E-01,0,0,0,0,0
0.486,9.31E-01,0,0,0,0,0
0.487,9.35E-01,0,0,0,0,0
0.488,9.40E-01,0,0,0,0,0
0.489,9.45E-01,0,0,0,0,0
0.49,9.51E-01,0,0,0,0,0
0.491,9.58E-01,0,0,0,0,0
0.492,9.66E-01,0,0,0,0,0
0.493,9.73E-01,0,0,0,0,0
0.494,9.77E-01,0,0,0,0,0
0.495,9.78E-01,0,0,0,0,0
0.496,9.79E-01,0,0,0,0,0
0.497,9.81E-01,0,0,0,0,0
0.498,9.82E-01,0,0,0,0,0
0.499,9.86E-01,0,0,0,0,0
0.5,9.91E-01,0.00032,0,0,0,0
0.501,9.95E-01,0.00133,0,0,0,0
0.502,9.99E-01,0.00277,0,0,0,0
0.503,9.98E-01,0.00342,0,0,0,0
0.504,9.90E-01,0.00468,0,0,0,0
0.505,9.69E-01,0.00758,0,0,0,0
0.506,9.39E-01,0.01115,0,0,0,0
0.507,9.08E-01,0.01503,0,0,0,0
0.508,8.78E-01,0.01757,0,0,0,0
0.509,8.47E-01,0.02094,0,0,0,0
0.51,8.17E-01,0.02456,0,0,0,0
0.511,7.96E-01,0.02741,0,0,0,0
0.512,7.81E-01,0.03026,0,0,0,0
0.513,7.66E-01,0.0331,0,0,0,0
0.514,7.46E-01,0.03605,0,0,0,0
0.515,7.12E-01,0.04521,0,0,0,0
0.516,6.38E-01,0.062,0,0,0,0
0.517,5.35E-01,0.0834,0,0,0,0
0.518,4.45E-01,0.11238,0,0,0,0
0.519,3.64E-01,0.14491,0,0,0,0
0.52,2.82E-01,0.1824,0,0,0,0
0.521,1.90E-01,0.22458,0,0,0,0
0.522,1.19E-01,0.26721,0,0,0,0
0.523,9.70E-02,0.31028,0,0,0,0
0.524,8.63E-02,0.35381,0,0,0,0
0.525,7.55E-02,0.39639,0,0,0,0
0.526,6.47E-02,0.43714,0,0,0,0
0.527,5.63E-02,0.47757,0,0,0,0
0.528,5.17E-02,0.51835,0,0,0,0
0.529,4.83E-02,0.55481,0,0,0,0
0.53,4.50E-02,0.583,0,0,0,0
0.531,4.16E-02,0.60457,0,0,0,0
0.532,3.82E-02,0.62068,0,0,0,0
0.533,3.49E-02,0.63512,0,0,0,0
0.534,3.15E-02,0.64971,0,0,0,0
0.535,2.80E-02,0.66428,0,0,0,0
0.536,2.46E-02,0.67877,0,0,0,0
0.537,2.17E-02,0.69342,0,0,0,0
0.538,1.96E-02,0.70816,0,0,0,0
0.539,1.74E-02,0.72301,0,0,0,0
0.54,1.52E-02,0.73588,0,0,0,0
0.541,1.31E-02,0.74628,0,0,0,0
0.542,1.13E-02,0.75672,0,0,0,0
0.543,9.96E-03,0.76722,0,0,0,0
0.544,8.76E-03,0.77777,0,0,0,0
0.545,7.56E-03,0.78833,0,0,0,0
0.546,6.41E-03,0.79887,0,0,0,0
0.547,5.71E-03,0.80947,0,0,0,0
0.548,5.51E-03,0.82011,0,0,0,0
0.549,5.31E-03,0.83082,0,0,0,0
0.55,2.86E-03,0.83931,0,0,0,0
0.551,0,0.84511,0,0,0,0
0.552,0,0.85091,0,0,0,0
0.553,0,0.85649,0,0,0,0
0.554,0,0.86174,0,0,0,0
0.555,0,0.86681,0,0,0,0
0.556,0,0.87166,0,0,0,0
0.557,0,0.87651,0,0,0,0
0.558,0,0.8814,0,0,0,0
0.559,0,0.88631,0,0,0,0
0.56,0,0.89112,0,0,0,0
0.561,0,0.89577,0,0,0,0
0.562,0,0.90037,0,0,0,0
0.563,0,0.90357,0,0,0,0
0.564,0,0.9044,0,0,0,0
0.565,0,0.90467,0,0,0,0
0.566,0,0.90527,0,0,0,0
0.567,0,0.90592,0,0,0,0
0.568,0,0.90653,0,0,0,0
0.569,0,0.90707,0,0,0,0
0.57,0,0.90736,0,0,0,0
0.571,0,0.90725,0,0,0,0
0.572,0,0.90711,0,0,0,0
0.573,0,0.90696,0,0,0,0
0.574,0,0.90681,0,0,0,0
0.575,0,0.90625,0,0,0,0
0.576,0,0.90525,0,0,0,0
0.577,0,0.90587,0,0,0,0
0.578,0,0.90844,0,0,0,0
0.579,0,0.91097,0,0,0,0
0.58,0,0.9138,0.0018,0,0,0
0.581,0,0.91689,0.0018,0,0,0
0.582,0,0.92004,0.00184,0,0,0
0.583,0,0.92963,0.0019,0,0,0
0.584,0,0.94406,0.0019,0,0,0
0.585,0,0.9541,0.0019,0,0,0
0.586,0,0.96324,0.0019,0,0,0
0.587,0,0.97213,0.00195,0,0,0
0.588,0,0.9791,0.002,0,0,0
0.589,0,0.98424,0.002,0,0,0
0.59,0,0.98899,0.00227,0,0,0
0.591,0,0.99373,0.00285,0,0,0
0.592,0,0.99814,0.00345,0,0,0
0.593,0,0.99995,0.00403,0,0,0
0.594,0,0.99901,0.00463,0,0,0
0.595,0,0.99704,0.00522,0,0,0
0.596,0,0.99425,0.00581,0,0,0
0.597,0,0.98466,0.00639,0,0,0
0.598,0,0.96827,0.00699,0,0,0
0.599,0,0.95182,0.00757,0,0,0
0.6,0,0.9325,0.00905,0,0,0
0.601,0,0.90509,0.01155,0,0,0
0.602,0,0.87215,0.01407,0,0,0
0.603,0,0.83915,0.0166,0,0,0
0.604,0,0.80606,0.0191,0,0,0
0.605,0,0.7657,0.02203,0,0,0
0.606,0,0.7054,0.02543,0,0,0
0.607,0,0.63113,0.02883,0,0,0
0.608,0,0.55644,0.03223,0,0,0
0.609,0,0.49113,0.03563,0,0,0
0.61,0,0.43762,0.03903,0,0,0
0.611,0,0.38418,0.04747,0,0,0
0.612,0,0.3304,0.06337,0,0,0
0.613,0,0.27627,0.08092,0,0,0
0.614,0,0.22728,0.09852,0,0,0
0.615,0,0.19297,0.1163,0,0,0
0.616,0,0.16862,0.13439,0,0,0
0.617,0,0.14413,0.15259,0,0,0
0.618,0,0.12007,0.18704,0,0,0
0.619,0,0.10256,0.25241,0,0,0
0.62,0,0.09222,0.33184,0,0,0
0.621,0,0.08177,0.39061,0,0,0
0.622,0,0.07128,0.41792,0,0,0
0.623,0,0.06073,0.43875,0,0,0
0.624,0,0.05346,0.45984,0,0,0
0.625,0,0.05026,0.48086,0,0,0
0.626,0,0.04711,0.50171,0,0,0
0.627,0,0.04396,0.52269,0,0,0
0.628,0,0.04072,0.54384,0,0,0
0.629,0,0.03746,0.56535,0,0,0
0.63,0,0.03435,0.58896,0,0,0
0.631,0,0.03135,0.61853,0,0,0
0.632,0,0.02835,0.65873,0,0,0
0.633,0,0.02535,0.70626,0,0,0
0.634,0,0.02235,0.73957,0,0,0
0.635,0,0.01986,0.7554,0,0,0
0.636,0,0.01804,0.7714,0,0,0
0.637,0,0.01619,0.78672,0,0,0
0.638,0,0.01435,0.80001,0,0,0
0.639,0,0.01252,0.81185,0,0,0
0.64,0,0.01099,0.8238,0,0,0
0.641,0,0.00984,0.8358,0,0,0
0.642,0,0.0087,0.84784,0,0,0
0.643,0,0.00758,0.85761,0,0,0
0.644,0,0.00642,0.86428,0,0,0
0.645,0,0.00529,0.87072,0,0,0
0.646,0,0.00411,0.87727,0,0,0
0.647,0,0.00296,0.88387,0,0,0
0.648,0,0.0018,0.89182,0,0,0
0.649,0,0.00063,0.89877,0,0,0
0.65,0,0,0.9012,0,0,0
0.651,0,0,0.90211,0,0,0
0.652,0,0,0.903,0,0,0
0.653,0,0,0.90391,0,0,0
0.654,0,0,0.90476,0,0,0
0.655,0,0,0.90534,0,0,0
0.656,0,0,0.90563,0,0,0
0.657,0,0,0.90589,0,0,0
0.658,0,0,0.90609,0,0,0
0.659,0,0,0.90629,0,0,0
0.66,0,0,0.9082,0,0,0
0.661,0,0,0.91216,0,0,0
0.662,0,0,0.91664,0,0,0
0.663,0,0,0.92269,0,0,0
0.664,0,0,0.92984,0,0,0
0.665,0,0,0.93713,0,0,0
0.666,0,0,0.94462,0,0,0
0.667,0,0,0.95219,0,0,0
0.668,0,0,0.95977,0,0,0
0.669,0,0,0.96666,0,0,0
0.67,0,0,0.97215,0,0,0
0.671,0,0,0.97715,0,0,0
0.672,0,0,0.98206,0,0,0
0.673,0,0,0.98686,0,0,0
0.674,0,0,0.99117,0,0,0
0.675,0,0,0.99473,0,0,0
0.676,0,0,0.99813,0,0,0
0.677,0,0,0.99978,0,0,0
0.678,0,0,0.99923,0,0,0
0.679,0,0,0.99863,0,0,0
0.68,0,0,0.98935,0,0,0
0.681,0,0,0.97939,0,0,0
0.682,0,0,0.98154,0,0,0
0.683,0,0,0.97842,0,0,0
0.684,0,0,0.96537,0,0,0
0.685,0,0,0.94797,0,0,0
0.686,0,0,0.93051,0,0,0
0.687,0,0,0.90475,0,0,0
0.688,0,0,0.86313,0,0,0
0.689,0,0,0.81435,0,0,0
0.69,0,0,0.74807,0,0,0
0.691,0,0,0.65734,0,0,0
0.692,0,0,0.56434,0,0,0
0.693,0,0,0.4815,0,0,0
0.694,0,0,0.40822,0,0,0
0.695,0,0,0.33468,0,0,0
0.696,0,0,0.26427,0,0,0
0.697,0,0,0.21145,0,0,0
0.698,0,0,0.17522,0,0,0
0.699,0,0,0.13873,0,0,0
0.7,0,0,0.11378,0,0,0
0.701,0,0,0.10309,0,0,0
0.702,0,0,0.09234,0,0,0
0.703,0,0,0.08154,0,0,0
0.704,0,0,0.07065,0,0,0
0.705,0,0,0.06296,0,0,0
0.706,0,0,0.05932,0,0,0
0.707,0,0,0.05568,0,0,0
0.708,0,0,0.05205,0,0,0
0.709,0,0,0.0484,0,0,0
0.71,0,0,0.045,0,0,0
0.711,0,0,0.0419,0,0,0
0.712,0,0,0.0388,0,0,0
0.713,0,0,0.03571,0,0,0
0.714,0,0,0.0326,0,0,0
0.715,0,0,0.02992,0,0,0
0.716,0,0,0.02774,0,0,0
0.717,0,0,0.02555,0,0,0
0.718,0,0,0.02338,0,0,0
0.719,0,0,0.0212,0,0,0
0.72,0,0,0.0193,0,0,0
0.721,0,0,0.01777,0,0,0
0.722,0,0,0.01623,0,0,0
0.723,0,0,0.01469,0,0,0
0.724,0,0,0.01315,0,0,0
0.725,0,0,0.01175,0,0,0
0.726,0,0,0.01053,0,0,0
0.727,0,0,0.00931,0,0,0
0.728,0,0,0.00809,0,0,0
0.729,0,0,0.00687,0,0,0
0.73,0,0,0.00606,0.0025,0,0
0.731,0,0,0.00575,0.00297,0,0
0.732,0,0,0.00544,0.00342,0,0
0.733,0,0,0.00513,0.00389,0,0
0.734,0,0,0.00482,0.00435,0,0
0.735,0,0,0.00451,0.0048,0,0
0.736,0,0,0.0042,0.0053,0,0
0.737,0,0,0.00389,0.00578,0,0
0.738,0,0,0.00358,0.00625,0,0
0.739,0,0,0.00327,0.00675,0,0
0.74,0,0,0.00031,0.0072,0,0
0.741,0,0,0,0.00767,0,0
0.742,0,0,0,0.00812,0,0
0.743,0,0,0,0.00859,0,0
0.744,0,0,0,0.00905,0,0
0.745,0,0,0,0.01014,0,0
0.746,0,0,0,0.01199,0,0
0.747,0,0,0,0.01386,0,0
0.748,0,0,0,0.01573,0,0
0.749,0,0,0,0.01757,0,0
0.75,0,0,0,0.01986,0,0
0.751,0,0,0,0.02266,0,0
0.752,0,0,0,0.02546,0,0
0.753,0,0,0,0.02826,0,0
0.754,0,0,0,0.03106,0,0
0.755,0,0,0,0.03602,0,0
0.756,0,0,0,0.04362,0,0
0.757,0,0,0,0.05122,0,0
0.758,0,0,0,0.05882,0,0
0.759,0,0,0,0.06642,0,0
0.76,0,0,0,0.07411,0,0
0.761,0,0,0,0.08191,0,0
0.762,0,0,0,0.08971,0,0
0.763,0,0,0,0.10354,0,0
0.764,0,0,0,0.12474,0,0
0.765,0,0,0,0.14599,0,0
0.766,0,0,0,0.16733,0,0
0.767,0,0,0,0.19161,0,0
0.768,0,0,0,0.2222,0,0
0.769,0,0,0,0.25633,0,0
0.77,0,0,0,0.29064,0,0
0.771,0,0,0,0.32504,0,0
0.772,0,0,0,0.35957,0,0
0.773,0,0,0,0.39422,0,0
0.774,0,0,0,0.42901,0,0
0.775,0,0,0,0.464,0,0
0.776,0,0,0,0.50247,0,0
0.777,0,0,0,0.54498,0,0
0.778,0,0,0,0.58744,0,0
0.779,0,0,0,0.62997,0,0
0.78,0,0,0,0.6727,0,0
0.781,0,0,0,0.71565,0,0
0.782,0,0,0,0.75514,0,0
0.783,0,0,0,0.78674,0,0
0.784,0,0,0,0.81399,0,0
0.785,0,0,0,0.84133,0,0
0.786,0,0,0,0.86873,0,0
0.787,0,0,0,0.89073,0,0
0.788,0,0,0,0.90613,0,0
0.789,0,0,0,0.92153,0,0
0.79,0,0,0,0.93531,0,0
0.791,0,0,0,0.94544,0,0
0.792,0,0,0,0.95355,0,0
0.793,0,0,0,0.96164,0,0
0.794,0,0,0,0.96979,0,0
0.795,0,0,0,0.97659,0,0
0.796,0,0,0,0.9817,0,0
0.797,0,0,0,0.98684,0,0
0.798,0,0,0,0.99199,0,0
0.799,0,0,0,0.99714,0,0
0.8,0,0,0,0.99919,0,0
0.801,0,0,0,0.99739,0,0
0.802,0,0,0,0.99559,0,0
0.803,0,0,0,0.99379,0,0
0.804,0,0,0,0.99199,0,0
0.805,0,0,0,0.99006,0,0
0.806,0,0,0,0.98795,0,0
0.807,0,0,0,0.98581,0,0
0.808,0,0,0,0.98366,0,0
0.809,0,0,0,0.98155,0,0
0.81,0,0,0,0.97833,0,0
0.811,0,0,0,0.97373,0,0
0.812,0,0,0,0.96913,0,0
0.813,0,0,0,0.96453,0,0
0.814,0,0,0,0.95993,0,0
0.815,0,0,0,0.95538,0,0
0.816,0,0,0,0.95083,0,0
0.817,0,0,0,0.94645,0,0
0.818,0,0,0,0.94231,0,0
0.819,0,0,0,0.93816,0,0
0.82,0,0,0,0.93383,0,0
0.821,0,0,0,0.92926,0,0
0.822,0,0,0,0.92477,0,0
0.823,0,0,0,0.92026,0,0
0.824,0,0,0,0.91704,0,0
0.825,0,0,0,0.91605,0,0
0.826,0,0,0,0.91618,0,0
0.827,0,0,0,0.91654,0,0
0.828,0,0,0,0.91683,0,0
0.829,0,0,0,0.91714,0,0
0.83,0,0,0,0.91743,0,0
0.831,0,0,0,0.91769,0,0
0.832,0,0,0,0.91794,0,0
0.833,0,0,0,0.91819,0,0
0.834,0,0,0,0.91839,0,0
0.835,0,0,0,0.91863,0,0
0.836,0,0,0,0.91889,0,0
0.837,0,0,0,0.91909,0,0
0.838,0,0,0,0.91929,0,0
0.839,0,0,0,0.91949,0,0
0.84,0,0,0,0.91987,0,0
0.841,0,0,0,0.92047,0,0
0.842,0,0,0,0.92107,0,0
0.843,0,0,0,0.92167,0,0
0.844,0,0,0,0.92227,0,0
0.845,0,0,0,0.92287,0,0
0.846,0,0,0,0.92342,0,0
0.847,0,0,0,0.92397,0,0
0.848,0,0,0,0.92457,0,0
0.849,0,0,0,0.92513,0,0
0.85,0,0,0,0.92374,0,0
0.851,0,0,0,0.91999,0,0
0.852,0,0,0,0.91619,0,0
0.853,0,0,0,0.91243,0,0
0.854,0,0,0,0.90874,0,0
0.855,0,0,0,0.90499,0,0
0.856,0,0,0,0.90123,0,0
0.857,0,0,0,0.89718,0,0
0.858,0,0,0,0.89263,0,0
0.859,0,0,0,0.88806,0,0
0.86,0,0,0,0.88448,0,0
0.861,0,0,0,0.88238,0,0
0.862,0,0,0,0.88127,0,0
0.863,0,0,0,0.88073,0,0
0.864,0,0,0,0.88072,0,0
0.865,0,0,0,0.88141,0,0
0.866,0,0,0,0.88207,0,0
0.867,0,0,0,0.88272,0,0
0.868,0,0,0,0.88341,0,0
0.869,0,0,0,0.88407,0,0
0.87,0,0,0,0.88503,0,0
0.871,0,0,0,0.88638,0,0
0.872,0,0,0,0.88629,0,0
0.873,0,0,0,0.88435,0,0
0.874,0,0,0,0.88221,0,0
0.875,0,0,0,0.87911,0,0
0.876,0,0,0,0.87486,0,0
0.877,0,0,0,0.87061,0,0
0.878,0,0,0,0.86641,0,0
0.879,0,0,0,0.86221,0,0
0.88,0,0,0,0.85679,0,0
0.881,0,0,0,0.84944,0,0
0.882,0,0,0,0.84155,0,0
0.883,0,0,0,0.83369,0,0
0.884,0,0,0,0.82594,0,0
0.885,0,0,0,0.81819,0,0
0.886,0,0,0,0.81048,0,0
0.887,0,0,0,0.80283,0,0
0.888,0,0,0,0.79518,0,0
0.889,0,0,0,0.78761,0,0
0.89,0,0,0,0.7835,0,0
0.891,0,0,0,0.78355,0,0
0.892,0,0,0,0.7814,0,0
0.893,0,0,0,0.77433,0,0
0.894,0,0,0,0.76459,0,0
0.895,0,0,0,0.75484,0,0
0.896,0,0,0,0.74513,0,0
0.897,0,0,0,0.73548,0,0
0.898,0,0,0,0.72597,0,0
0.899,0,0,0,0.71828,0,0
0.9,0,0,0,0.69531,0,0
0.901,0,0,0,0.6525,0,0
0.902,0,0,0,0.61154,0,0
0.903,0,0,0,0.56246,0,0
0.904,0,0,0,0.50132,0,0
0.905,0,0,0,0.438,0,0
0.906,0,0,0,0.37504,0,0
0.907,0,0,0,0.3198,0,0
0.908,0,0,0,0.27573,0,0
0.909,0,0,0,0.23417,0,0
0.91,0,0,0,0.19286,0,0
0.911,0,0,0,0.15796,0,0
0.912,0,0,0,0.13241,0,0
0.913,0,0,0,0.10901,0,0
0.914,0,0,0,0.08765,0,0
0.915,0,0,0,0.07309,0,0
0.916,0,0,0,0.06391,0,0
0.917,0,0,0,0.05476,0,0
0.918,0,0,0,0.0456,0,0
0.919,0,0,0,0.03643,0,0
0.92,0,0,0,0.02996,0,0
0.921,0,0,0,0.02676,0,0
0.922,0,0,0,0.02356,0,0
0.923,0,0,0,0.02036,0,0
0.924,0,0,0,0.01716,0,0
0.925,0,0,0,0.01469,0,0
0.926,0,0,0,0.01311,0,0
0.927,0,0,0,0.01152,0,0
0.928,0,0,0,0.00995,0,0
0.929,0,0,0,0.00837,0,0
0.93,0,0,0,0.00732,0,0
0.931,0,0,0,0.00692,0,0
0.932,0,0,0,0.00652,0,0
0.933,0,0,0,0.00612,0,0
0.934,0,0,0,0.00572,0,0
0.935,0,0,0,0.00532,0,0
0.936,0,0,0,0.00492,0,0
0.937,0,0,0,0.00452,0,0
0.938,0,0,0,0.00412,0,0
0.939,0,0,0,0.00372,0,0
0.94,0,0,0,0.00334,0,0
0.941,0,0,0,0.00298,0,0
0.942,0,0,0,0.00262,0,0
0.943,0,0,0,0.00225,0,0
0.944,0,0,0,0.0019,0,0
0.945,0,0,0,0.00017,0,0
0.946,0,0,0,0,0,0
0.947,0,0,0,0,0,0
0.948,0,0,0,0,0,0
0.949,0,0,0,0,0,0
0.95,0,0,0,0,0,0
0.951,0,0,0,0,0,0
0.952,0,0,0,0,0,0
0.953,0,0,0,0,0,0
0.954,0,0,0,0,0,0
0.955,0,0,0,0,0,0
0.956,0,0,0,0,0,0
0.957,0,0,0,0,0,0
0.958,0,0,0,0,0,0
0.959,0,0,0,0,0,0
0.96,0,0,0,0,0,0
0.961,0,0,0,0,0,0
0.962,0,0,0,0,0,0
0.963,0,0,0,0,0,0
0.964,0,0,0,0,0,0
0.965,0,0,0,0,0,0
0.966,0,0,0,0,0,0
0.967,0,0,0,0,0,0
0.968,0,0,0,0,0,0
0.969,0,0,0,0,0,0
0.97,0,0,0,0,0,0
0.971,0,0,0,0,0,0
0.972,0,0,0,0,0,0
0.973,0,0,0,0,0,0
0.974,0,0,0,0,0,0
0.975,0,0,0,0,0,0
0.976,0,0,0,0,0,0
0.977,0,0,0,0,0,0
0.978,0,0,0,0,0,0
0.979,0,0,0,0,0,0
0.98,0,0,0,0,0,0
0.981,0,0,0,0,0,0
0.982,0,0,0,0,0,0
0.983,0,0,0,0,0,0
0.984,0,0,0,0,0,0
0.985,0,0,0,0,0,0
0.986,0,0,0,0,0,0
0.987,0,0,0,0,0,0
0.988,0,0,0,0,0,0
0.989,0,0,0,0,0,0
0.99,0,0,0,0,0,0
0.991,0,0,0,0,0,0
0.992,0,0,0,0,0,0
0.993,0,0,0,0,0,0
0.994,0,0,0,0,0,0
0.995,0,0,0,0,0,0
0.996,0,0,0,0,0,0
0.997,0,0,0,0,0,0
0.998,0,0,0,0,0,0
0.999,0,0,0,0,0,0
1,0,0,0,0,0,0
1.001,0,0,0,0,0,0
1.002,0,0,0,0,0,0
1.003,0,0,0,0,0,0
1.004,0,0,0,0,0,0
1.005,0,0,0,0,0,0
1.006,0,0,0,0,0,0
1.007,0,0,0,0,0,0
1.008,0,0,0,0,0,0
1.009,0,0,0,0,0,0
1.01,0,0,0,0,0,0
1.011,0,0,0,0,0,0
1.012,0,0,0,0,0,0
1.013,0,0,0,0,0,0
1.014,0,0,0,0,0,0
1.015,0,0,0,0,0,0
1.016,0,0,0,0,0,0
1.017,0,0,0,0,0,0
1.018,0,0,0,0,0,0
1.019,0,0,0,0,0,0
1.02,0,0,0,0,0,0
1.021,0,0,0,0,0,0
1.022,0,0,0,0,0,0
1.023,0,0,0,0,0,0
1.024,0,0,0,0,0,0
1.025,0,0,0,0,0,0
1.026,0,0,0,0,0,0
1.027,0,0,0,0,0,0
1.028,0,0,0,0,0,0
1.029,0,0,0,0,0,0
1.03,0,0,0,0,0,0
1.031,0,0,0,0,0,0
1.032,0,0,0,0,0,0
1.033,0,0,0,0,0,0
1.034,0,0,0,0,0,0
1.035,0,0,0,0,0,0
1.036,0,0,0,0,0,0
1.037,0,0,0,0,0,0
1.038,0,0,0,0,0,0
1.039,0,0,0,0,0,0
1.04,0,0,0,0,0,0
1.041,0,0,0,0,0,0
1.042,0,0,0,0,0,0
1.043,0,0,0,0,0,0
1.044,0,0,0,0,0,0
1.045,0,0,0,0,0,0
1.046,0,0,0,0,0,0
1.047,0,0,0,0,0,0
1.048,0,0,0,0,0,0
1.049,0,0,0,0,0,0
1.05,0,0,0,0,0,0
1.051,0,0,0,0,0,0
1.052,0,0,0,0,0,0
1.053,0,0,0,0,0,0
1.054,0,0,0,0,0,0
1.055,0,0,0,0,0,0
1.056,0,0,0,0,0,0
1.057,0,0,0,0,0,0
1.058,0,0,0,0,0,0
1.059,0,0,0,0,0,0
1.06,0,0,0,0,0,0
1.061,0,0,0,0,0,0
1.062,0,0,0,0,0,0
1.063,0,0,0,0,0,0
1.064,0,0,0,0,0,0
1.065,0,0,0,0,0,0
1.066,0,0,0,0,0,0
1.067,0,0,0,0,0,0
1.068,0,0,0,0,0,0
1.069,0,0,0,0,0,0
1.07,0,0,0,0,0,0
1.071,0,0,0,0,0,0
1.072,0,0,0,0,0,0
1.073,0,0,0,0,0,0
1.074,0,0,0,0,0,0
1.075,0,0,0,0,0,0
1.076,0,0,0,0,0,0
1.077,0,0,0,0,0,0
1.078,0,0,0,0,0,0
1.079,0,0,0,0,0,0
1.08,0,0,0,0,0,0
1.081,0,0,0,0,0,0
1.082,0,0,0,0,0,0
1.083,0,0,0,0,0,0
1.084,0,0,0,0,0,0
1.085,0,0,0,0,0,0
1.086,0,0,0,0,0,0
1.087,0,0,0,0,0,0
1.088,0,0,0,0,0,0
1.089,0,0,0,0,0,0
1.09,0,0,0,0,0,0
1.091,0,0,0,0,0,0
1.092,0,0,0,0,0,0
1.093,0,0,0,0,0,0
1.094,0,0,0,0,0,0
1.095,0,0,0,0,0,0
1.096,0,0,0,0,0,0
1.097,0,0,0,0,0,0
1.098,0,0,0,0,0,0
1.099,0,0,0,0,0,0
1.1,0,0,0,0,0,0
1.101,0,0,0,0,0,0
1.102,0,0,0,0,0,0
1.103,0,0,0,0,0,0
1.104,0,0,0,0,0,0
1.105,0,0,0,0,0,0
1.106,0,0,0,0,0,0
1.107,0,0,0,0,0,0
1.108,0,0,0,0,0,0
1.109,0,0,0,0,0,0
1.11,0,0,0,0,0,0
1.111,0,0,0,0,0,0
1.112,0,0,0,0,0,0
1.113,0,0,0,0,0,0
1.114,0,0,0,0,0,0
1.115,0,0,0,0,0,0
1.116,0,0,0,0,0,0
1.117,0,0,0,0,0,0
1.118,0,0,0,0,0,0
1.119,0,0,0,0,0,0
1.12,0,0,0,0,0,0
1.121,0,0,0,0,0,0
1.122,0,0,0,0,0,0
1.123,0,0,0,0,0,0
1.124,0,0,0,0,0,0
1.125,0,0,0,0,0,0
1.126,0,0,0,0,0,0
1.127,0,0,0,0,0,0
1.128,0,0,0,0,0,0
1.129,0,0,0,0,0,0
1.13,0,0,0,0,0,0
1.131,0,0,0,0,0,0
1.132,0,0,0,0,0,0
1.133,0,0,0,0,0,0
1.134,0,0,0,0,0,0
1.135,0,0,0,0,0,0
1.136,0,0,0,0,0,0
1.137,0,0,0,0,0,0
1.138,0,0,0,0,0,0
1.139,0,0,0,0,0,0
1.14,0,0,0,0,0,0
1.141,0,0,0,0,0,0
1.142,0,0,0,0,0,0
1.143,0,0,0,0,0,0
1.144,0,0,0,0,0,0
1.145,0,0,0,0,0,0
1.146,0,0,0,0,0,0
1.147,0,0,0,0,0,0
1.148,0,0,0,0,0,0
1.149,0,0,0,0,0,0
1.15,0,0,0,0,0,0
1.151,0,0,0,0,0,0
1.152,0,0,0,0,0,0
1.153,0,0,0,0,0,0
1.154,0,0,0,0,0,0
1.155,0,0,0,0,0,0
1.156,0,0,0,0,0,0
1.157,0,0,0,0,0,0
1.158,0,0,0,0,0,0
1.159,0,0,0,0,0,0
1.16,0,0,0,0,0,0
1.161,0,0,0,0,0,0
1.162,0,0,0,0,0,0
1.163,0,0,0,0,0,0
1.164,0,0,0,0,0,0
1.165,0,0,0,0,0,0
1.166,0,0,0,0,0,0
1.167,0,0,0,0,0,0
1.168,0,0,0,0,0,0
1.169,0,0,0,0,0,0
1.17,0,0,0,0,0,0
1.171,0,0,0,0,0,0
1.172,0,0,0,0,0,0
1.173,0,0,0,0,0,0
1.174,0,0,0,0,0,0
1.175,0,0,0,0,0,0
1.176,0,0,0,0,0,0
1.177,0,0,0,0,0,0
1.178,0,0,0,0,0,0
1.179,0,0,0,0,0,0
1.18,0,0,0,0,0,0
1.181,0,0,0,0,0,0
1.182,0,0,0,0,0,0
1.183,0,0,0,0,0,0
1.184,0,0,0,0,0,0
1.185,0,0,0,0,0,0
1.186,0,0,0,0,0,0
1.187,0,0,0,0,0,0
1.188,0,0,0,0,0,0
1.189,0,0,0,0,0,0
1.19,0,0,0,0,0,0
1.191,0,0,0,0,0,0
1.192,0,0,0,0,0,0
1.193,0,0,0,0,0,0
1.194,0,0,0,0,0,0
1.195,0,0,0,0,0,0
1.196,0,0,0,0,0,0
1.197,0,0,0,0,0,0
1.198,0,0,0,0,0,0
1.199,0,0,0,0,0,0
1.2,0,0,0,0,0,0
1.201,0,0,0,0,0,0
1.202,0,0,0,0,0,0
1.203,0,0,0,0,0,0
1.204,0,0,0,0,0,0
1.205,0,0,0,0,0,0
1.206,0,0,0,0,0,0
1.207,0,0,0,0,0,0
1.208,0,0,0,0,0,0
1.209,0,0,0,0,0,0
1.21,0,0,0,0,0,0
1.211,0,0,0,0,0,0
1.212,0,0,0,0,0,0
1.213,0,0,0,0,0,0
1.214,0,0,0,0,0,0
1.215,0,0,0,0,0,0
1.216,0,0,0,0,0,0
1.217,0,0,0,0,0,0
1.218,0,0,0,0,0,0
1.219,0,0,0,0,0,0
1.22,0,0,0,0,0,0
1.221,0,0,0,0,0,0
1.222,0,0,0,0,0,0
1.223,0,0,0,0,0,0
1.224,0,0,0,0,0,0
1.225,0,0,0,0,0,0
1.226,0,0,0,0,0,0
1.227,0,0,0,0,0,0
1.228,0,0,0,0,0,0
1.229,0,0,0,0,0,0
1.23,0,0,0,0,0,0
1.231,0,0,0,0,0,0
1.232,0,0,0,0,0,0
1.233,0,0,0,0,0,0
1.234,0,0,0,0,0,0
1.235,0,0,0,0,0,0
1.236,0,0,0,0,0,0
1.237,0,0,0,0,0,0
1.238,0,0,0,0,0,0
1.239,0,0,0,0,0,0
1.24,0,0,0,0,0,0
1.241,0,0,0,0,0,0
1.242,0,0,0,0,0,0
1.243,0,0,0,0,0,0
1.244,0,0,0,0,0,0
1.245,0,0,0,0,0,0
1.246,0,0,0,0,0,0
1.247,0,0,0,0,0,0
1.248,0,0,0,0,0,0
1.249,0,0,0,0,0,0
1.25,0,0,0,0,0,0
1.251,0,0,0,0,0,0
1.252,0,0,0,0,0,0
1.253,0,0,0,0,0,0
1.254,0,0,0,0,0,0
1.255,0,0,0,0,0,0
1.256,0,0,0,0,0,0
1.257,0,0,0,0,0,0
1.258,0,0,0,0,0,0
1.259,0,0,0,0,0,0
1.26,0,0,0,0,0,0
1.261,0,0,0,0,0,0
1.262,0,0,0,0,0,0
1.263,0,0,0,0,0,0
1.264,0,0,0,0,0,0
1.265,0,0,0,0,0,0
1.266,0,0,0,0,0,0
1.267,0,0,0,0,0,0
1.268,0,0,0,0,0,0
1.269,0,0,0,0,0,0
1.27,0,0,0,0,0,0
1.271,0,0,0,0,0,0
1.272,0,0,0,0,0,0
1.273,0,0,0,0,0,0
1.274,0,0,0,0,0,0
1.275,0,0,0,0,0,0
1.276,0,0,0,0,0,0
1.277,0,0,0,0,0,0
1.278,0,0,0,0,0,0
1.279,0,0,0,0,0,0
1.28,0,0,0,0,0,0
1.281,0,0,0,0,0,0
1.282,0,0,0,0,0,0
1.283,0,0,0,0,0,0
1.284,0,0,0,0,0,0
1.285,0,0,0,0,0,0
1.286,0,0,0,0,0,0
1.287,0,0,0,0,0,0
1.288,0,0,0,0,0,0
1.289,0,0,0,0,0,0
1.29,0,0,0,0,0,0
1.291,0,0,0,0,0,0
1.292,0,0,0,0,0,0
1.293,0,0,0,0,0,0
1.294,0,0,0,0,0,0
1.295,0,0,0,0,0,0
1.296,0,0,0,0,0,0
1.297,0,0,0,0,0,0
1.298,0,0,0,0,0,0
1.299,0,0,0,0,0,0
1.3,0,0,0,0,0,0
1.301,0,0,0,0,0,0
1.302,0,0,0,0,0,0
1.303,0,0,0,0,0,0
1.304,0,0,0,0,0,0
1.305,0,0,0,0,0,0
1.306,0,0,0,0,0,0
1.307,0,0,0,0,0,0
1.308,0,0,0,0,0,0
1.309,0,0,0,0,0,0
1.31,0,0,0,0,0,0
1.311,0,0,0,0,0,0
1.312,0,0,0,0,0,0
1.313,0,0,0,0,0,0
1.314,0,0,0,0,0,0
1.315,0,0,0,0,0,0
1.316,0,0,0,0,0,0
1.317,0,0,0,0,0,0
1.318,0,0,0,0,0,0
1.319,0,0,0,0,0,0
1.32,0,0,0,0,0,0
1.321,0,0,0,0,0,0
1.322,0,0,0,0,0,0
1.323,0,0,0,0,0,0
1.324,0,0,0,0,0,0
1.325,0,0,0,0,0,0
1.326,0,0,0,0,0,0
1.327,0,0,0,0,0,0
1.328,0,0,0,0,0,0
1.329,0,0,0,0,0,0
1.33,0,0,0,0,0,0
1.331,0,0,0,0,0,0
1.332,0,0,0,0,0,0
1.333,0,0,0,0,0,0
1.334,0,0,0,0,0,0
1.335,0,0,0,0,0,0
1.336,0,0,0,0,0,0
1.337,0,0,0,0,0,0
1.338,0,0,0,0,0,0
1.339,0,0,0,0,0,0
1.34,0,0,0,0,0,0
1.341,0,0,0,0,0,0
1.342,0,0,0,0,0,0
1.343,0,0,0,0,0,0
1.344,0,0,0,0,0,0
1.345,0,0,0,0,0,0
1.346,0,0,0,0,0,0
1.347,0,0,0,0,0,0
1.348,0,0,0,0,0,0
1.349,0,0,0,0,0,0
1.35,0,0,0,0,0,0
1.351,0,0,0,0,0,0
1.352,0,0,0,0,0,0
1.353,0,0,0,0,0,0
1.354,0,0,0,0,0,0
1.355,0,0,0,0,0,0
1.356,0,0,0,0,0,0
1.357,0,0,0,0,0,0
1.358,0,0,0,0,0,0
1.359,0,0,0,0,0,0
1.36,0,0,0,0,0,0
1.361,0,0,0,0,0,0
1.362,0,0,0,0,0,0
1.363,0,0,0,0,0,0
1.364,0,0,0,0,0,0
1.365,0,0,0,0,0,0
1.366,0,0,0,0,0,0
1.367,0,0,0,0,0,0
1.368,0,0,0,0,0,0
1.369,0,0,0,0,0,0
1.37,0,0,0,0,0,0
1.371,0,0,0,0,0,0
1.372,0,0,0,0,0,0
1.373,0,0,0,0,0,0
1.374,0,0,0,0,0,0
1.375,0,0,0,0,0,0
1.376,0,0,0,0,0,0
1.377,0,0,0,0,0,0
1.378,0,0,0,0,0,0
1.379,0,0,0,0,0,0
1.38,0,0,0,0,0,0
1.381,0,0,0,0,0,0
1.382,0,0,0,0,0,0
1.383,0,0,0,0,0,0
1.384,0,0,0,0,0,0
1.385,0,0,0,0,0,0
1.386,0,0,0,0,0,0
1.387,0,0,0,0,0,0
1.388,0,0,0,0,0,0
1.389,0,0,0,0,0,0
1.39,0,0,0,0,0,0
1.391,0,0,0,0,0,0
1.392,0,0,0,0,0,0
1.393,0,0,0,0,0,0
1.394,0,0,0,0,0,0
1.395,0,0,0,0,0,0
1.396,0,0,0,0,0,0
1.397,0,0,0,0,0,0
1.398,0,0,0,0,0,0
1.399,0,0,0,0,0,0
1.4,0,0,0,0,0,0
1.401,0,0,0,0,0,0
1.402,0,0,0,0,0,0
1.403,0,0,0,0,0,0
1.404,0,0,0,0,0,0
1.405,0,0,0,0,0,0
1.406,0,0,0,0,0,0
1.407,0,0,0,0,0,0
1.408,0,0,0,0,0,0
1.409,0,0,0,0,0,0
1.41,0,0,0,0,0,0
1.411,0,0,0,0,0,0
1.412,0,0,0,0,0,0
1.413,0,0,0,0,0,0
1.414,0,0,0,0,0,0
1.415,0,0,0,0,0,0
1.416,0,0,0,0,0,0
1.417,0,0,0,0,0,0
1.418,0,0,0,0,0,0
1.419,0,0,0,0,0,0
1.42,0,0,0,0,0,0
1.421,0,0,0,0,0,0
1.422,0,0,0,0,0,0
1.423,0,0,0,0,0,0
1.424,0,0,0,0,0,0
1.425,0,0,0,0,0,0
1.426,0,0,0,0,0,0
1.427,0,0,0,0,0,0
1.428,0,0,0,0,0,0
1.429,0,0,0,0,0,0
1.43,0,0,0,0,0,0
1.431,0,0,0,0,0,0
1.432,0,0,0,0,0,0
1.433,0,0,0,0,0,0
1.434,0,0,0,0,0,0
1.435,0,0,0,0,0,0
1.436,0,0,0,0,0,0
1.437,0,0,0,0,0,0
1.438,0,0,0,0,0,0
1.439,0,0,0,0,0,0
1.44,0,0,0,0,0,0
1.441,0,0,0,0,0,0
1.442,0,0,0,0,0,0
1.443,0,0,0,0,0,0
1.444,0,0,0,0,0,0
1.445,0,0,0,0,0,0
1.446,0,0,0,0,0,0
1.447,0,0,0,0,0,0
1.448,0,0,0,0,0,0
1.449,0,0,0,0,0,0
1.45,0,0,0,0,0,0
1.451,0,0,0,0,0,0
1.452,0,0,0,0,0,0
1.453,0,0,0,0,0,0
1.454,0,0,0,0,0,0
1.455,0,0,0,0,0,0
1.456,0,0,0,0,0,0
1.457,0,0,0,0,0,0
1.458,0,0,0,0,0,0
1.459,0,0,0,0,0,0
1.46,0,0,0,0,0,0
1.461,0,0,0,0,0,0
1.462,0,0,0,0,0,0
1.463,0,0,0,0,0,0
1.464,0,0,0,0,0,0
1.465,0,0,0,0,0,0
1.466,0,0,0,0,0,0
1.467,0,0,0,0,0,0
1.468,0,0,0,0,0,0
1.469,0,0,0,0,0,0
1.47,0,0,0,0,0,0
1.471,0,0,0,0,0,0
1.472,0,0,0,0,0,0
1.473,0,0,0,0,0,0
1.474,0,0,0,0,0,0
1.475,0,0,0,0,0,0
1.476,0,0,0,0,0,0
1.477,0,0,0,0,0,0
1.478,0,0,0,0,0,0
1.479,0,0,0,0,0,0
1.48,0,0,0,0,0,0
1.481,0,0,0,0,0,0
1.482,0,0,0,0,0,0
1.483,0,0,0,0,0,0
1.484,0,0,0,0,0,0
1.485,0,0,0,0,0,0
1.486,0,0,0,0,0,0
1.487,0,0,0,0,0,0
1.488,0,0,0,0,0,0
1.489,0,0,0,0,0,0
1.49,0,0,0,0,0,0
1.491,0,0,0,0,0,0
1.492,0,0,0,0,0,0
1.493,0,0,0,0,0,0
1.494,0,0,0,0,0,0
1.495,0,0,0,0,0,0
1.496,0,0,0,0,0,0
1.497,0,0,0,0,0,0
1.498,0,0,0,0,0,0
1.499,0,0,0,0,0,0
1.5,0,0,0,0,0,0
1.501,0,0,0,0,0,0
1.502,0,0,0,0,0,0
1.503,0,0,0,0,0,0
1.504,0,0,0,0,0,0
1.505,0,0,0,0,0,0
1.506,0,0,0,0,0,0
1.507,0,0,0,0,0,0
1.508,0,0,0,0,0,0
1.509,0,0,0,0,0,0
1.51,0,0,0,0,0,0
1.511,0,0,0,0,0,0
1.512,0,0,0,0,0,0
1.513,0,0,0,0,0,0
1.514,0,0,0,0,0.00124,0
1.515,0,0,0,0,0.0013,0
1.516,0,0,0,0,0.0014,0
1.517,0,0,0,0,0.00144,0
1.518,0,0,0,0,0.00155,0
1.519,0,0,0,0,0.00178,0
1.52,0,0,0,0,0.00218,0
1.521,0,0,0,0,0.00275,0
1.522,0,0,0,0,0.00349,0
1.523,0,0,0,0,0.00425,0
1.524,0,0,0,0,0.00498,0
1.525,0,0,0,0,0.00572,0
1.526,0,0,0,0,0.00646,0
1.527,0,0,0,0,0.00726,0
1.528,0,0,0,0,0.00806,0
1.529,0,0,0,0,0.00886,0
1.53,0,0,0,0,0.00981,0
1.531,0,0,0,0,0.01097,0
1.532,0,0,0,0,0.01214,0
1.533,0,0,0,0,0.01334,0
1.534,0,0,0,0,0.01457,0
1.535,0,0,0,0,0.01581,0
1.536,0,0,0,0,0.01707,0
1.537,0,0,0,0,0.01832,0
1.538,0,0,0,0,0.01958,0
1.539,0,0,0,0,0.02089,0
1.54,0,0,0,0,0.02465,0
1.541,0,0,0,0,0.03139,0
1.542,0,0,0,0,0.03816,0
1.543,0,0,0,0,0.04501,0
1.544,0,0,0,0,0.0519,0
1.545,0,0,0,0,0.05885,0
1.546,0,0,0,0,0.06575,0
1.547,0,0,0,0,0.07275,0
1.548,0,0,0,0,0.07984,0
1.549,0,0,0,0,0.0897,0
1.55,0,0,0,0,0.10306,0
1.551,0,0,0,0,0.11925,0
1.552,0,0,0,0,0.13888,0
1.553,0,0,0,0,0.15864,0
1.554,0,0,0,0,0.17848,0
1.555,0,0,0,0,0.1984,0
1.556,0,0,0,0,0.2185,0
1.557,0,0,0,0,0.23863,0
1.558,0,0,0,0,0.25894,0
1.559,0,0,0,0,0.28086,0
1.56,0,0,0,0,0.30476,0
1.561,0,0,0,0,0.33035,0
1.562,0,0,0,0,0.35799,0
1.563,0,0,0,0,0.38584,0
1.564,0,0,0,0,0.41395,0
1.565,0,0,0,0,0.44225,0
1.566,0,0,0,0,0.4708,0
1.567,0,0,0,0,0.49955,0
1.568,0,0,0,0,0.52864,0
1.569,0,0,0,0,0.55681,0
1.57,0,0,0,0,0.58398,0
1.571,0,0,0,0,0.61015,0
1.572,0,0,0,0,0.6353,0
1.573,0,0,0,0,0.66066,0
1.574,0,0,0,0,0.68616,0
1.575,0,0,0,0,0.71186,0
1.576,0,0,0,0,0.7377,0
1.577,0,0,0,0,0.76379,0
1.578,0,0,0,0,0.78995,0
1.579,0,0,0,0,0.81631,0
1.58,0,0,0,0,0.83632,0
1.581,0,0,0,0,0.84856,0
1.582,0,0,0,0,0.86085,0
1.583,0,0,0,0,0.87321,0
1.584,0,0,0,0,0.88563,0
1.585,0,0,0,0,0.89814,0
1.586,0,0,0,0,0.91065,0
1.587,0,0,0,0,0.9232,0
1.588,0,0,0,0,0.93581,0
1.589,0,0,0,0,0.94852,0
1.59,0,0,0,0,0.95485,0
1.591,0,0,0,0,0.95339,0
1.592,0,0,0,0,0.95195,0
1.593,0,0,0,0,0.9505,0
1.594,0,0,0,0,0.94901,0
1.595,0,0,0,0,0.94752,0
1.596,0,0,0,0,0.94605,0
1.597,0,0,0,0,0.94459,0
1.598,0,0,0,0,0.94315,0
1.599,0,0,0,0,0.9417,0
1.6,0,0,0,0,0.94103,0
1.601,0,0,0,0,0.94134,0
1.602,0,0,0,0,0.94163,0
1.603,0,0,0,0,0.94194,0
1.604,0,0,0,0,0.94225,0
1.605,0,0,0,0,0.94261,0
1.606,0,0,0,0,0.94294,0
1.607,0,0,0,0,0.94323,0
1.608,0,0,0,0,0.94354,0
1.609,0,0,0,0,0.94383,0
1.61,0,0,0,0,0.94519,0
1.611,0,0,0,0,0.94782,0
1.612,0,0,0,0,0.95045,0
1.613,0,0,0,0,0.9531,0
1.614,0,0,0,0,0.95574,0
1.615,0,0,0,0,0.9584,0
1.616,0,0,0,0,0.96104,0
1.617,0,0,0,0,0.96367,0
1.618,0,0,0,0,0.96627,0
1.619,0,0,0,0,0.9686,0
1.62,0,0,0,0,0.9707,0
1.621,0,0,0,0,0.97245,0
1.622,0,0,0,0,0.9739,0
1.623,0,0,0,0,0.97539,0
1.624,0,0,0,0,0.97688,0
1.625,0,0,0,0,0.97835,0
1.626,0,0,0,0,0.97981,0
1.627,0,0,0,0,0.98125,0
1.628,0,0,0,0,0.9827,0
1.629,0,0,0,0,0.98365,0
1.63,0,0,0,0,0.98401,0
1.631,0,0,0,0,0.98385,0
1.632,0,0,0,0,0.98311,0
1.633,0,0,0,0,0.98239,0
1.634,0,0,0,0,0.98168,0
1.635,0,0,0,0,0.98096,0
1.636,0,0,0,0,0.98022,0
1.637,0,0,0,0,0.97945,0
1.638,0,0,0,0,0.9787,0
1.639,0,0,0,0,0.97785,0
1.64,0,0,0,0,0.97685,0
1.641,0,0,0,0,0.97571,0
1.642,0,0,0,0,0.97442,0
1.643,0,0,0,0,0.97311,0
1.644,0,0,0,0,0.97182,0
1.645,0,0,0,0,0.97053,0
1.646,0,0,0,0,0.96928,0
1.647,0,0,0,0,0.96802,0
1.648,0,0,0,0,0.96671,0
1.649,0,0,0,0,0.966,0
1.65,0,0,0,0,0.96609,0
1.651,0,0,0,0,0.96669,0
1.652,0,0,0,0,0.96798,0
1.653,0,0,0,0,0.9693,0
1.654,0,0,0,0,0.97063,0
1.655,0,0,0,0,0.97197,0
1.656,0,0,0,0,0.97329,0
1.657,0,0,0,0,0.97458,0
1.658,0,0,0,0,0.9759,0
1.659,0,0,0,0,0.97726,0
1.66,0,0,0,0,0.97822,0
1.661,0,0,0,0,0.97873,0
1.662,0,0,0,0,0.97922,0
1.663,0,0,0,0,0.97973,0
1.664,0,0,0,0,0.98022,0
1.665,0,0,0,0,0.98073,0
1.666,0,0,0,0,0.98122,0
1.667,0,0,0,0,0.98173,0
1.668,0,0,0,0,0.98222,0
1.669,0,0,0,0,0.98273,0
1.67,0,0,0,0,0.98315,0
1.671,0,0,0,0,0.98352,0
1.672,0,0,0,0,0.98385,0
1.673,0,0,0,0,0.98422,0
1.674,0,0,0,0,0.98454,0
1.675,0,0,0,0,0.98483,0
1.676,0,0,0,0,0.98515,0
1.677,0,0,0,0,0.98552,0
1.678,0,0,0,0,0.98585,0
1.679,0,0,0,0,0.98622,0
1.68,0,0,0,0,0.98595,0
1.681,0,0,0,0,0.98495,0
1.682,0,0,0,0,0.98395,0
1.683,0,0,0,0,0.98304,0
1.684,0,0,0,0,0.98205,0
1.685,0,0,0,0,0.98109,0
1.686,0,0,0,0,0.98015,0
1.687,0,0,0,0,0.97915,0
1.688,0,0,0,0,0.97815,0
1.689,0,0,0,0,0.97778,0
1.69,0,0,0,0,0.97818,0
1.691,0,0,0,0,0.97921,0
1.692,0,0,0,0,0.98101,0
1.693,0,0,0,0,0.98284,0
1.694,0,0,0,0,0.98467,0
1.695,0,0,0,0,0.98651,0
1.696,0,0,0,0,0.98831,0
1.697,0,0,0,0,0.99005,0
1.698,0,0,0,0,0.99169,0
1.699,0,0,0,0,0.9932,0
1.7,0,0,0,0,0.99457,0
1.701,0,0,0,0,0.99553,0
1.702,0,0,0,0,0.99602,0
1.703,0,0,0,0,0.99655,0
1.704,0,0,0,0,0.99709,0
1.705,0,0,0,0,0.99765,0
1.706,0,0,0,0,0.9982,0
1.707,0,0,0,0,0.99875,0
1.708,0,0,0,0,0.99923,0
1.709,0,0,0,0,0.99955,0
1.71,0,0,0,0,0.99964,0
1.711,0,0,0,0,0.99957,0
1.712,0,0,0,0,0.99926,0
1.713,0,0,0,0,0.99897,0
1.714,0,0,0,0,0.99865,0
1.715,0,0,0,0,0.99828,0
1.716,0,0,0,0,0.99797,0
1.717,0,0,0,0,0.99766,0
1.718,0,0,0,0,0.99735,0
1.719,0,0,0,0,0.99699,0
1.72,0,0,0,0,0.99576,0
1.721,0,0,0,0,0.99347,0
1.722,0,0,0,0,0.99119,0
1.723,0,0,0,0,0.98893,0
1.724,0,0,0,0,0.98667,0
1.725,0,0,0,0,0.98436,0
1.726,0,0,0,0,0.98207,0
1.727,0,0,0,0,0.97976,0
1.728,0,0,0,0,0.97748,0
1.729,0,0,0,0,0.97522,0
1.73,0,0,0,0,0.97324,0
1.731,0,0,0,0,0.97153,0
1.732,0,0,0,0,0.9698,0
1.733,0,0,0,0,0.96805,0
1.734,0,0,0,0,0.96633,0
1.735,0,0,0,0,0.96464,0
1.736,0,0,0,0,0.96293,0
1.737,0,0,0,0,0.96124,0
1.738,0,0,0,0,0.95953,0
1.739,0,0,0,0,0.95784,0
1.74,0,0,0,0,0.95659,0
1.741,0,0,0,0,0.95588,0
1.742,0,0,0,0,0.9552,0
1.743,0,0,0,0,0.95456,0
1.744,0,0,0,0,0.95391,0
1.745,0,0,0,0,0.95328,0
1.746,0,0,0,0,0.95265,0
1.747,0,0,0,0,0.95199,0
1.748,0,0,0,0,0.95128,0
1.749,0,0,0,0,0.95081,0
1.75,0,0,0,0,0.95061,0
1.751,0,0,0,0,0.95056,0
1.752,0,0,0,0,0.95072,0
1.753,0,0,0,0,0.95089,0
1.754,0,0,0,0,0.95109,0
1.755,0,0,0,0,0.95129,0
1.756,0,0,0,0,0.95149,0
1.757,0,0,0,0,0.95166,0
1.758,0,0,0,0,0.95183,0
1.759,0,0,0,0,0.95055,0
1.76,0,0,0,0,0.94765,0
1.761,0,0,0,0,0.9433,0
1.762,0,0,0,0,0.93721,0
1.763,0,0,0,0,0.9312,0
1.764,0,0,0,0,0.9252,0
1.765,0,0,0,0,0.9192,0
1.766,0,0,0,0,0.9131,0
1.767,0,0,0,0,0.90569,0
1.768,0,0,0,0,0.89652,0
1.769,0,0,0,0,0.88556,0
1.77,0,0,0,0,0.87236,0
1.771,0,0,0,0,0.85325,0
1.772,0,0,0,0,0.82689,0
1.773,0,0,0,0,0.80055,0
1.774,0,0,0,0,0.77418,0
1.775,0,0,0,0,0.74782,0
1.776,0,0,0,0,0.72142,0
1.777,0,0,0,0,0.69505,0
1.778,0,0,0,0,0.66869,0
1.779,0,0,0,0,0.64128,0
1.78,0,0,0,0,0.61259,0
1.781,0,0,0,0,0.5829,0
1.782,0,0,0,0,0.55199,0
1.783,0,0,0,0,0.5211,0
1.784,0,0,0,0,0.49019,0
1.785,0,0,0,0,0.4593,0
1.786,0,0,0,0,0.42839,0
1.787,0,0,0,0,0.39751,0
1.788,0,0,0,0,0.36668,0
1.789,0,0,0,0,0.3391,0
1.79,0,0,0,0,0.31556,0
1.791,0,0,0,0,0.29522,0
1.792,0,0,0,0,0.27882,0
1.793,0,0,0,0,0.2624,0
1.794,0,0,0,0,0.24594,0
1.795,0,0,0,0,0.2295,0
1.796,0,0,0,0,0.21304,0
1.797,0,0,0,0,0.19655,0
1.798,0,0,0,0,0.18006,0
1.799,0,0,0,0,0.16542,0
1.8,0,0,0,0,0.15302,0
1.801,0,0,0,0,0.14242,0
1.802,0,0,0,0,0.13402,0
1.803,0,0,0,0,0.12565,0
1.804,0,0,0,0,0.11728,0
1.805,0,0,0,0,0.10895,0
1.806,0,0,0,0,0.10059,0
1.807,0,0,0,0,0.09226,0
1.808,0,0,0,0,0.08397,0
1.809,0,0,0,0,0.0769,0
1.81,0,0,0,0,0.07141,0
1.811,0,0,0,0,0.06715,0
1.812,0,0,0,0,0.0644,0
1.813,0,0,0,0,0.06165,0
1.814,0,0,0,0,0.05891,0
1.815,0,0,0,0,0.0564,0
1.816,0,0,0,0,0.05418,0
1.817,0,0,0,0,0.05196,0
1.818,0,0,0,0,0.04974,0
1.819,0,0,0,0,0.04752,0
1.82,0,0,0,0,0.04507,0
1.821,0,0,0,0,0.04233,0
1.822,0,0,0,0,0.03958,0
1.823,0,0,0,0,0.03685,0
1.824,0,0,0,0,0.0341,0
1.825,0,0,0,0,0.03162,0
1.826,0,0,0,0,0.02944,0
1.827,0,0,0,0,0.02726,0
1.828,0,0,0,0,0.02508,0
1.829,0,0,0,0,0.0229,0
1.83,0,0,0,0,0.0213,0
1.831,0,0,0,0,0.02042,0
1.832,0,0,0,0,0.01954,0
1.833,0,0,0,0,0.01867,0
1.834,0,0,0,0,0.01779,0
1.835,0,0,0,0,0.0169,0
1.836,0,0,0,0,0.01602,0
1.837,0,0,0,0,0.01514,0
1.838,0,0,0,0,0.01427,0
1.839,0,0,0,0,0.01339,0
1.84,0,0,0,0,0.01271,0
1.841,0,0,0,0,0.01228,0
1.842,0,0,0,0,0.01185,0
1.843,0,0,0,0,0.01142,0
1.844,0,0,0,0,0.01099,0
1.845,0,0,0,0,0.01055,0
1.846,0,0,0,0,0.01012,0
1.847,0,0,0,0,0.00969,0
1.848,0,0,0,0,0.00927,0
1.849,0,0,0,0,0.00883,0
1.85,0,0,0,0,0.00841,0
1.851,0,0,0,0,0.00798,0
1.852,0,0,0,0,0.00755,0
1.853,0,0,0,0,0.00712,0
1.854,0,0,0,0,0.00669,0
1.855,0,0,0,0,0.00625,0
1.856,0,0,0,0,0.00582,0
1.857,0,0,0,0,0.00539,0
1.858,0,0,0,0,0.00497,0
1.859,0,0,0,0,0.00453,0
1.86,0,0,0,0,0.00425,0
1.861,0,0,0,0,0.00414,0
1.862,0,0,0,0,0.00403,0
1.863,0,0,0,0,0.00392,0
1.864,0,0,0,0,0.00381,0
1.865,0,0,0,0,0.00371,0
1.866,0,0,0,0,0.00359,0
1.867,0,0,0,0,0.00348,0
1.868,0,0,0,0,0.00337,0
1.869,0,0,0,0,0.00326,0
1.87,0,0,0,0,0.00315,0
1.871,0,0,0,0,0.00304,0
1.872,0,0,0,0,0.00293,0
1.873,0,0,0,0,0.00282,0
1.874,0,0,0,0,0.00271,0
1.875,0,0,0,0,0.0026,0
1.876,0,0,0,0,0.00249,0
1.877,0,0,0,0,0.00238,0
1.878,0,0,0,0,0.00227,0
1.879,0,0,0,0,0.00216,0
1.88,0,0,0,0,0.00021,0
1.881,0,0,0,0,0,0
1.882,0,0,0,0,0,0
1.883,0,0,0,0,0,0
1.884,0,0,0,0,0,0
1.885,0,0,0,0,0,0
1.886,0,0,0,0,0,0
1.887,0,0,0,0,0,0
1.888,0,0,0,0,0,0
1.889,0,0,0,0,0,0
1.89,0,0,0,0,0,0
1.891,0,0,0,0,0,0
1.892,0,0,0,0,0,0
1.893,0,0,0,0,0,0
1.894,0,0,0,0,0,0
1.895,0,0,0,0,0,0
1.896,0,0,0,0,0,0
1.897,0,0,0,0,0,0
1.898,0,0,0,0,0,0
1.899,0,0,0,0,0,0
1.9,0,0,0,0,0,0
1.901,0,0,0,0,0,0
1.902,0,0,0,0,0,0
1.903,0,0,0,0,0,0
1.904,0,0,0,0,0,0
1.905,0,0,0,0,0,0
1.906,0,0,0,0,0,0
1.907,0,0,0,0,0,0
1.908,0,0,0,0,0,0
1.909,0,0,0,0,0,0
1.91,0,0,0,0,0,0
1.911,0,0,0,0,0,0
1.912,0,0,0,0,0,0
1.913,0,0,0,0,0,0
1.914,0,0,0,0,0,0
1.915,0,0,0,0,0,0
1.916,0,0,0,0,0,0
1.917,0,0,0,0,0,0
1.918,0,0,0,0,0,0
1.919,0,0,0,0,0,0
1.92,0,0,0,0,0,0
1.921,0,0,0,0,0,0
1.922,0,0,0,0,0,0
1.923,0,0,0,0,0,0
1.924,0,0,0,0,0,0
1.925,0,0,0,0,0,0
1.926,0,0,0,0,0,0
1.927,0,0,0,0,0,0
1.928,0,0,0,0,0,0
1.929,0,0,0,0,0,0
1.93,0,0,0,0,0,0
1.931,0,0,0,0,0,0
1.932,0,0,0,0,0,0
1.933,0,0,0,0,0,0
1.934,0,0,0,0,0,0
1.935,0,0,0,0,0,0
1.936,0,0,0,0,0,0
1.937,0,0,0,0,0,0
1.938,0,0,0,0,0,0
1.939,0,0,0,0,0,0
1.94,0,0,0,0,0,0
1.941,0,0,0,0,0,0
1.942,0,0,0,0,0,0
1.943,0,0,0,0,0,0
1.944,0,0,0,0,0,0
1.945,0,0,0,0,0,0
1.946,0,0,0,0,0,0
1.947,0,0,0,0,0,0
1.948,0,0,0,0,0,0
1.949,0,0,0,0,0,0
1.95,0,0,0,0,0,0
1.951,0,0,0,0,0,0
1.952,0,0,0,0,0,0
1.953,0,0,0,0,0,0
1.954,0,0,0,0,0,0
1.955,0,0,0,0,0,0
1.956,0,0,0,0,0,0
1.957,0,0,0,0,0,0
1.958,0,0,0,0,0,0
1.959,0,0,0,0,0,0
1.96,0,0,0,0,0,0
1.961,0,0,0,0,0,0
1.962,0,0,0,0,0,0
1.963,0,0,0,0,0,0
1.964,0,0,0,0,0,0
1.965,0,0,0,0,0,0
1.966,0,0,0,0,0,0
1.967,0,0,0,0,0,0
1.968,0,0,0,0,0,0
1.969,0,0,0,0,0,0
1.97,0,0,0,0,0,0
1.971,0,0,0,0,0,0
1.972,0,0,0,0,0,0
1.973,0,0,0,0,0,0
1.974,0,0,0,0,0,0
1.975,0,0,0,0,0,0
1.976,0,0,0,0,0,0
1.977,0,0,0,0,0,0
1.978,0,0,0,0,0,0
1.979,0,0,0,0,0,0
1.98,0,0,0,0,0,0
1.981,0,0,0,0,0,0
1.982,0,0,0,0,0,0
1.983,0,0,0,0,0,0
1.984,0,0,0,0,0,0
1.985,0,0,0,0,0,0
1.986,0,0,0,0,0,0
1.987,0,0,0,0,0,0
1.988,0,0,0,0,0,0
1.989,0,0,0,0,0,0
1.99,0,0,0,0,0,0
1.991,0,0,0,0,0,0
1.992,0,0,0,0,0,0
1.993,0,0,0,0,0,0
1.994,0,0,0,0,0,0
1.995,0,0,0,0,0,0
1.996,0,0,0,0,0,0
1.997,0,0,0,0,0,0
1.998,0,0,0,0,0,0
1.999,0,0,0,0,0,0
2,0,0,0,0,0,0.00995
2.001,0,0,0,0,0,0.01045
2.002,0,0,0,0,0,0.01095
2.003,0,0,0,0,0,0.0114
2.004,0,0,0,0,0,0.01185
2.005,0,0,0,0,0,0.01235
2.006,0,0,0,0,0,0.01284
2.007,0,0,0,0,0,0.01335
2.008,0,0,0,0,0,0.01384
2.009,0,0,0,0,0,0.01435
2.01,0,0,0,0,0,0.01484
2.011,0,0,0,0,0,0.0153
2.012,0,0,0,0,0,0.01576
2.013,0,0,0,0,0,0.01624
2.014,0,0,0,0,0,0.01675
2.015,0,0,0,0,0,0.01725
2.016,0,0,0,0,0,0.01774
2.017,0,0,0,0,0,0.01824
2.018,0,0,0,0,0,0.0187
2.019,0,0,0,0,0,0.01916
2.02,0,0,0,0,0,0.01997
2.021,0,0,0,0,0,0.02123
2.022,0,0,0,0,0,0.02247
2.023,0,0,0,0,0,0.02373
2.024,0,0,0,0,0,0.02497
2.025,0,0,0,0,0,0.02622
2.026,0,0,0,0,0,0.02747
2.027,0,0,0,0,0,0.02873
2.028,0,0,0,0,0,0.02997
2.029,0,0,0,0,0,0.03122
2.03,0,0,0,0,0,0.03247
2.031,0,0,0,0,0,0.03373
2.032,0,0,0,0,0,0.03491
2.033,0,0,0,0,0,0.03608
2.034,0,0,0,0,0,0.03733
2.035,0,0,0,0,0,0.03869
2.036,0,0,0,0,0,0.03998
2.037,0,0,0,0,0,0.04127
2.038,0,0,0,0,0,0.04253
2.039,0,0,0,0,0,0.0441
2.04,0,0,0,0,0,0.0461
2.041,0,0,0,0,0,0.04845
2.042,0,0,0,0,0,0.05119
2.043,0,0,0,0,0,0.05396
2.044,0,0,0,0,0,0.05676
2.045,0,0,0,0,0,0.05955
2.046,0,0,0,0,0,0.06229
2.047,0,0,0,0,0,0.06506
2.048,0,0,0,0,0,0.06786
2.049,0,0,0,0,0,0.07066
2.05,0,0,0,0,0,0.07346
2.051,0,0,0,0,0,0.07626
2.052,0,0,0,0,0,0.07906
2.053,0,0,0,0,0,0.08186
2.054,0,0,0,0,0,0.08469
2.055,0,0,0,0,0,0.08752
2.056,0,0,0,0,0,0.09036
2.057,0,0,0,0,0,0.09316
2.058,0,0,0,0,0,0.09599
2.059,0,0,0,0,0,0.09883
2.06,0,0,0,0,0,0.10337
2.061,0,0,0,0,0,0.10997
2.062,0,0,0,0,0,0.11655
2.063,0,0,0,0,0,0.1231
2.064,0,0,0,0,0,0.1297
2.065,0,0,0,0,0,0.13634
2.066,0,0,0,0,0,0.14297
2.067,0,0,0,0,0,0.1496
2.068,0,0,0,0,0,0.15623
2.069,0,0,0,0,0,0.1629
2.07,0,0,0,0,0,0.16953
2.071,0,0,0,0,0,0.1762
2.072,0,0,0,0,0,0.18283
2.073,0,0,0,0,0,0.1895
2.074,0,0,0,0,0,0.19613
2.075,0,0,0,0,0,0.20282
2.076,0,0,0,0,0,0.20951
2.077,0,0,0,0,0,0.21622
2.078,0,0,0,0,0,0.22291
2.079,0,0,0,0,0,0.23155
2.08,0,0,0,0,0,0.24255
2.081,0,0,0,0,0,0.25553
2.082,0,0,0,0,0,0.27093
2.083,0,0,0,0,0,0.28635
2.084,0,0,0,0,0,0.3018
2.085,0,0,0,0,0,0.31728
2.086,0,0,0,0,0,0.33279
2.087,0,0,0,0,0,0.34828
2.088,0,0,0,0,0,0.36379
2.089,0,0,0,0,0,0.37928
2.09,0,0,0,0,0,0.39482
2.091,0,0,0,0,0,0.41042
2.092,0,0,0,0,0,0.42602
2.093,0,0,0,0,0,0.44162
2.094,0,0,0,0,0,0.45722
2.095,0,0,0,0,0,0.47282
2.096,0,0,0,0,0,0.48846
2.097,0,0,0,0,0,0.50417
2.098,0,0,0,0,0,0.51986
2.099,0,0,0,0,0,0.53557
2.1,0,0,0,0,0,0.551
2.101,0,0,0,0,0,0.5661
2.102,0,0,0,0,0,0.58124
2.103,0,0,0,0,0,0.59644
2.104,0,0,0,0,0,0.61166
2.105,0,0,0,0,0,0.62692
2.106,0,0,0,0,0,0.64219
2.107,0,0,0,0,0,0.65748
2.108,0,0,0,0,0,0.67283
2.109,0,0,0,0,0,0.68823
2.11,0,0,0,0,0,0.70365
2.111,0,0,0,0,0,0.71911
2.112,0,0,0,0,0,0.7346
2.113,0,0,0,0,0,0.75015
2.114,0,0,0,0,0,0.76554
2.115,0,0,0,0,0,0.78074
2.116,0,0,0,0,0,0.79654
2.117,0,0,0,0,0,0.81266
2.118,0,0,0,0,0,0.82837
2.119,0,0,0,0,0,0.84168
2.12,0,0,0,0,0,0.85208
2.121,0,0,0,0,0,0.86
2.122,0,0,0,0,0,0.86491
2.123,0,0,0,0,0,0.8698
2.124,0,0,0,0,0,0.87471
2.125,0,0,0,0,0,0.87965
2.126,0,0,0,0,0,0.88456
2.127,0,0,0,0,0,0.88951
2.128,0,0,0,0,0,0.8944
2.129,0,0,0,0,0,0.89935
2.13,0,0,0,0,0,0.90425
2.131,0,0,0,0,0,0.90925
2.132,0,0,0,0,0,0.91425
2.133,0,0,0,0,0,0.91925
2.134,0,0,0,0,0,0.92416
2.135,0,0,0,0,0,0.92915
2.136,0,0,0,0,0,0.93415
2.137,0,0,0,0,0,0.93915
2.138,0,0,0,0,0,0.94415
2.139,0,0,0,0,0,0.94915
2.14,0,0,0,0,0,0.9519
2.141,0,0,0,0,0,0.9518
2.142,0,0,0,0,0,0.9518
2.143,0,0,0,0,0,0.95171
2.144,0,0,0,0,0,0.95165
2.145,0,0,0,0,0,0.95156
2.146,0,0,0,0,0,0.9515
2.147,0,0,0,0,0,0.9514
2.148,0,0,0,0,0,0.95136
2.149,0,0,0,0,0,0.95125
2.15,0,0,0,0,0,0.9512
2.151,0,0,0,0,0,0.95116
2.152,0,0,0,0,0,0.95105
2.153,0,0,0,0,0,0.951
2.154,0,0,0,0,0,0.95091
2.155,0,0,0,0,0,0.95085
2.156,0,0,0,0,0,0.95076
2.157,0,0,0,0,0,0.95065
2.158,0,0,0,0,0,0.95056
2.159,0,0,0,0,0,0.95095
2.16,0,0,0,0,0,0.95205
2.161,0,0,0,0,0,0.95359
2.162,0,0,0,0,0,0.95579
2.163,0,0,0,0,0,0.95799
2.164,0,0,0,0,0,0.96019
2.165,0,0,0,0,0,0.96239
2.166,0,0,0,0,0,0.96459
2.167,0,0,0,0,0,0.96679
2.168,0,0,0,0,0,0.96899
2.169,0,0,0,0,0,0.97119
2.17,0,0,0,0,0,0.97341
2.171,0,0,0,0,0,0.97567
2.172,0,0,0,0,0,0.97789
2.173,0,0,0,0,0,0.98009
2.174,0,0,0,0,0,0.98229
2.175,0,0,0,0,0,0.98449
2.176,0,0,0,0,0,0.98671
2.177,0,0,0,0,0,0.98898
2.178,0,0,0,0,0,0.99121
2.179,0,0,0,0,0,0.99347
2.18,0,0,0,0,0,0.99482
2.181,0,0,0,0,0,0.99507
2.182,0,0,0,0,0,0.99534
2.183,0,0,0,0,0,0.99562
2.184,0,0,0,0,0,0.99587
2.185,0,0,0,0,0,0.99614
2.186,0,0,0,0,0,0.99643
2.187,0,0,0,0,0,0.99671
2.188,0,0,0,0,0,0.99696
2.189,0,0,0,0,0,0.99721
2.19,0,0,0,0,0,0.99747
2.191,0,0,0,0,0,0.99774
2.192,0,0,0,0,0,0.99803
2.193,0,0,0,0,0,0.99831
2.194,0,0,0,0,0,0.99856
2.195,0,0,0,0,0,0.99882
2.196,0,0,0,0,0,0.99907
2.197,0,0,0,0,0,0.99931
2.198,0,0,0,0,0,0.99956
2.199,0,0,0,0,0,0.9997
2.2,0,0,0,0,0,0.9996
2.201,0,0,0,0,0,0.9994
2.202,0,0,0,0,0,0.99895
2.203,0,0,0,0,0,0.9985
2.204,0,0,0,0,0,0.99804
2.205,0,0,0,0,0,0.99762
2.206,0,0,0,0,0,0.99722
2.207,0,0,0,0,0,0.9968
2.208,0,0,0,0,0,0.99635
2.209,0,0,0,0,0,0.99586
2.21,0,0,0,0,0,0.99542
2.211,0,0,0,0,0,0.99502
2.212,0,0,0,0,0,0.9946
2.213,0,0,0,0,0,0.99415
2.214,0,0,0,0,0,0.9937
2.215,0,0,0,0,0,0.99324
2.216,0,0,0,0,0,0.9928
2.217,0,0,0,0,0,0.99235
2.218,0,0,0,0,0,0.9919
2.219,0,0,0,0,0,0.99144
2.22,0,0,0,0,0,0.98996
2.221,0,0,0,0,0,0.9872
2.222,0,0,0,0,0,0.98444
2.223,0,0,0,0,0,0.98165
2.224,0,0,0,0,0,0.97889
2.225,0,0,0,0,0,0.97613
2.226,0,0,0,0,0,0.97334
2.227,0,0,0,0,0,0.97056
2.228,0,0,0,0,0,0.9678
2.229,0,0,0,0,0,0.96506
2.23,0,0,0,0,0,0.96231
2.231,0,0,0,0,0,0.95954
2.232,0,0,0,0,0,0.95674
2.233,0,0,0,0,0,0.95396
2.234,0,0,0,0,0,0.9512
2.235,0,0,0,0,0,0.94846
2.236,0,0,0,0,0,0.94571
2.237,0,0,0,0,0,0.94234
2.238,0,0,0,0,0,0.93817
2.239,0,0,0,0,0,0.93585
2.24,0,0,0,0,0,0.93576
2.241,0,0,0,0,0,0.93561
2.242,0,0,0,0,0,0.93544
2.243,0,0,0,0,0,0.93528
2.244,0,0,0,0,0,0.93511
2.245,0,0,0,0,0,0.93491
2.246,0,0,0,0,0,0.93474
2.247,0,0,0,0,0,0.93457
2.248,0,0,0,0,0,0.93444
2.249,0,0,0,0,0,0.93428
2.25,0,0,0,0,0,0.93411
2.251,0,0,0,0,0,0.93391
2.252,0,0,0,0,0,0.93374
2.253,0,0,0,0,0,0.93357
2.254,0,0,0,0,0,0.93341
2.255,0,0,0,0,0,0.93321
2.256,0,0,0,0,0,0.93304
2.257,0,0,0,0,0,0.93288
2.258,0,0,0,0,0,0.93271
2.259,0,0,0,0,0,0.93206
2.26,0,0,0,0,0,0.93086
2.261,0,0,0,0,0,0.92921
2.262,0,0,0,0,0,0.92701
2.263,0,0,0,0,0,0.92479
2.264,0,0,0,0,0,0.92253
2.265,0,0,0,0,0,0.92031
2.266,0,0,0,0,0,0.91811
2.267,0,0,0,0,0,0.91591
2.268,0,0,0,0,0,0.91371
2.269,0,0,0,0,0,0.91151
2.27,0,0,0,0,0,0.90931
2.271,0,0,0,0,0,0.90711
2.272,0,0,0,0,0,0.90491
2.273,0,0,0,0,0,0.90271
2.274,0,0,0,0,0,0.90051
2.275,0,0,0,0,0,0.89831
2.276,0,0,0,0,0,0.89611
2.277,0,0,0,0,0,0.89391
2.278,0,0,0,0,0,0.89174
2.279,0,0,0,0,0,0.88958
2.28,0,0,0,0,0,0.88525
2.281,0,0,0,0,0,0.87825
2.282,0,0,0,0,0,0.87125
2.283,0,0,0,0,0,0.86416
2.284,0,0,0,0,0,0.85715
2.285,0,0,0,0,0,0.85005
2.286,0,0,0,0,0,0.84305
2.287,0,0,0,0,0,0.83605
2.288,0,0,0,0,0,0.82905
2.289,0,0,0,0,0,0.82205
2.29,0,0,0,0,0,0.81505
2.291,0,0,0,0,0,0.80814
2.292,0,0,0,0,0,0.80115
2.293,0,0,0,0,0,0.79415
2.294,0,0,0,0,0,0.78725
2.295,0,0,0,0,0,0.78025
2.296,0,0,0,0,0,0.77334
2.297,0,0,0,0,0,0.76639
2.298,0,0,0,0,0,0.7595
2.299,0,0,0,0,0,0.75493
2.3,0,0,0,0,0,0.75324
2.301,0,0,0,0,0,0.75399
2.302,0,0,0,0,0,0.75774
2.303,0,0,0,0,0,0.76149
2.304,0,0,0,0,0,0.76524
2.305,0,0,0,0,0,0.76899
2.306,0,0,0,0,0,0.77274
2.307,0,0,0,0,0,0.77647
2.308,0,0,0,0,0,0.78017
2.309,0,0,0,0,0,0.78391
2.31,0,0,0,0,0,0.78769
2.311,0,0,0,0,0,0.79144
2.312,0,0,0,0,0,0.79517
2.313,0,0,0,0,0,0.79886
2.314,0,0,0,0,0,0.80259
2.315,0,0,0,0,0,0.80634
2.316,0,0,0,0,0,0.81009
2.317,0,0,0,0,0,0.81384
2.318,0,0,0,0,0,0.81757
2.319,0,0,0,0,0,0.82126
2.32,0,0,0,0,0,0.8217
2.321,0,0,0,0,0,0.81816
2.322,0,0,0,0,0,0.81458
2.323,0,0,0,0,0,0.81095
2.324,0,0,0,0,0,0.80732
2.325,0,0,0,0,0,0.80365
2.326,0,0,0,0,0,0.80001
2.327,0,0,0,0,0,0.79635
2.328,0,0,0,0,0,0.79272
2.329,0,0,0,0,0,0.78905
2.33,0,0,0,0,0,0.78541
2.331,0,0,0,0,0,0.78175
2.332,0,0,0,0,0,0.77811
2.333,0,0,0,0,0,0.77445
2.334,0,0,0,0,0,0.77082
2.335,0,0,0,0,0,0.76715
2.336,0,0,0,0,0,0.76352
2.337,0,0,0,0,0,0.75985
2.338,0,0,0,0,0,0.75621
2.339,0,0,0,0,0,0.75254
2.34,0,0,0,0,0,0.73812
2.341,0,0,0,0,0,0.71061
2.342,0,0,0,0,0,0.68301
2.343,0,0,0,0,0,0.65526
2.344,0,0,0,0,0,0.62751
2.345,0,0,0,0,0,0.59975
2.346,0,0,0,0,0,0.57196
2.347,0,0,0,0,0,0.54413
2.348,0,0,0,0,0,0.51629
2.349,0,0,0,0,0,0.48849
2.35,0,0,0,0,0,0.46066
2.351,0,0,0,0,0,0.43283
2.352,0,0,0,0,0,0.40496
2.353,0,0,0,0,0,0.37712
2.354,0,0,0,0,0,0.34924
2.355,0,0,0,0,0,0.32134
2.356,0,0,0,0,0,0.29345
2.357,0,0,0,0,0,0.26555
2.358,0,0,0,0,0,0.23764
2.359,0,0,0,0,0,0.21405
2.36,0,0,0,0,0,0.19569
2.361,0,0,0,0,0,0.18191
2.362,0,0,0,0,0,0.17371
2.363,0,0,0,0,0,0.16546
2.364,0,0,0,0,0,0.15717
2.365,0,0,0,0,0,0.14889
2.366,0,0,0,0,0,0.14063
2.367,0,0,0,0,0,0.13237
2.368,0,0,0,0,0,0.12406
2.369,0,0,0,0,0,0.11575
2.37,0,0,0,0,0,0.10739
2.371,0,0,0,0,0,0.09906
2.372,0,0,0,0,0,0.09077
2.373,0,0,0,0,0,0.08242
2.374,0,0,0,0,0,0.07405
2.375,0,0,0,0,0,0.06568
2.376,0,0,0,0,0,0.05732
2.377,0,0,0,0,0,0.04892
2.378,0,0,0,0,0,0.0405
2.379,0,0,0,0,0,0.03204
2.38,0,0,0,0,0,0.02675
2.381,0,0,0,0,0,0.0253
2.382,0,0,0,0,0,0.0239
2.383,0,0,0,0,0,0.02254
2.384,0,0,0,0,0,0.0212
2.385,0,0,0,0,0,0.01983
2.386,0,0,0,0,0,0.0185
2.387,0,0,0,0,0,0.01713
2.388,0,0,0,0,0,0.0158
2.389,0,0,0,0,0,0.01443
2.39,0,0,0,0,0,0.01309
2.391,0,0,0,0,0,0.01173
2.392,0,0,0,0,0,0.01037
2.393,0,0,0,0,0,0.009
2.394,0,0,0,0,0,0.00765
2.395,0,0,0,0,0,0.00628
2.396,0,0,0,0,0,0.0049
2.397,0,0,0,0,0,0.00351
2.398,0,0,0,0,0,0.00214
2.399,0,0,0,0,0,0.00076
2.4,0,0,0,0,0,0
